DEP;Departement;Annee;Nbre_naissance;Classe;Evo_naissance;Classe2
1;Ain;2004;6706;3. De 5000 à 10 000;-0.023303233;2. De -5% à -1%
2;Aisne;2004;6761;3. De 5000 à 10 000;-0.011694197;2. De -5% à -1%
3;Allier;2004;3335;2. De 3000 à 5000;-0.016514303;2. De -5% à -1%
4;Alpes-de-Haute-Provence;2004;1522;1. De 0 à 3000;0.042465753;4. De 1% à 5%
5;Hautes-Alpes;2004;1403;1. De 0 à 3000;-0.003551136;3. De -1% à 1%
6;Alpes-Maritimes;2004;11514;4. De 10 000 à 20 000;0.033201723;4. De 1% à 5%
7;Ardèche;2004;3176;2. De 3000 à 5000;-0.056727057;1. Moins de -5%
8;Ardennes;2004;3422;2. De 3000 à 5000;-0.031143828;3. De -1% à 1%
9;Ariège;2004;1412;1. De 0 à 3000;0.045925926;4. De 1% à 5%
10;Aube;2004;3553;2. De 3000 à 5000;0.036464411;4. De 1% à 5%
11;Aude;2004;3321;2. De 3000 à 5000;-0.029231219;2. De -5% à -1%
12;Aveyron;2004;2614;1. De 0 à 3000;0.021892103;4. De 1% à 5%
13;Bouches-du-Rhône;2004;24056;5. Plus de 20 000;0.006190397;3. De -1% à 1%
14;Calvados;2004;8257;3. De 5000 à 10 000;0.00315879;3. De -1% à 1%
15;Cantal;2004;1396;1. De 0 à 3000;0.038690476;4. De 1% à 5%
16;Charente;2004;3514;2. De 3000 à 5000;0.033225522;4. De 1% à 5%
17;Charente-Maritime;2004;5900;3. De 5000 à 10 000;-0.00589722;3. De -1% à 1%
18;Cher;2004;3271;2. De 3000 à 5000;-0.009088155;3. De -1% à 1%
19;Corrèze;2004;2250;1. De 0 à 3000;0.054852321;5. Plus de 5%
21;Côte-d'Or;2004;6052;3. De 5000 à 10 000;-0.00444152;3. De -1% à 1%
22;Côtes-d'Armor;2004;6317;3. De 5000 à 10 000;-0.014969593;2. De -5% à -1%
23;Creuse;2004;957;1. De 0 à 3000;-0.053412463;1. Moins de -5%
24;Dordogne;2004;3690;2. De 3000 à 5000;0.023010812;4. De 1% à 5%
25;Doubs;2004;6798;3. De 5000 à 10 000;0.041200796;4. De 1% à 5%
26;Drôme;2004;5703;3. De 5000 à 10 000;0.032217195;4. De 1% à 5%
27;Eure;2004;7220;3. De 5000 à 10 000;0.00097047;3. De -1% à 1%
28;Eure-et-Loir;2004;5363;3. De 5000 à 10 000;-0.001303538;3. De -1% à 1%
29;Finistère;2004;9963;3. De 5000 à 10 000;0.006363636;3. De -1% à 1%
30;Gard;2004;7777;3. De 5000 à 10 000;0.044453398;4. De 1% à 5%
31;Haute-Garonne;2004;13900;4. De 10 000 à 20 000;-0.006362142;3. De -1% à 1%
32;Gers;2004;1625;1. De 0 à 3000;-0.006116208;3. De -1% à 1%
33;Gironde;2004;15819;4. De 10 000 à 20 000;0.013388853;4. De 1% à 5%
34;Hérault;2004;11562;4. De 10 000 à 20 000;0.01599297;4. De 1% à 5%
35;Ille-et-Vilaine;2004;12072;4. De 10 000 à 20 000;-0.005109609;3. De -1% à 1%
36;Indre;2004;2314;1. De 0 à 3000;0.000865052;3. De -1% à 1%
37;Indre-et-Loire;2004;6594;3. De 5000 à 10 000;-0.003927492;3. De -1% à 1%
38;Isère;2004;15356;4. De 10 000 à 20 000;0.031642593;4. De 1% à 5%
39;Jura;2004;3017;2. De 3000 à 5000;0.017881242;2. De -5% à -1%
40;Landes;2004;3621;2. De 3000 à 5000;0.041415013;4. De 1% à 5%
41;Loir-et-Cher;2004;3678;2. De 3000 à 5000;0.016864805;4. De 1% à 5%
42;Loire;2004;8906;3. De 5000 à 10 000;0.011585643;4. De 1% à 5%
43;Haute-Loire;2004;2416;1. De 0 à 3000;-0.017087063;2. De -5% à -1%
44;Loire-Atlantique;2004;15988;4. De 10 000 à 20 000;0.012219057;4. De 1% à 5%
45;Loiret;2004;8424;3. De 5000 à 10 000;0.01923775;4. De 1% à 5%
46;Lot;2004;1430;1. De 0 à 3000;-0.069616135;1. Moins de -5%
47;Lot-et-Garonne;2004;3245;2. De 3000 à 5000;0.022691459;4. De 1% à 5%
48;Lozère;2004;772;1. De 0 à 3000;0.005208333;3. De -1% à 1%
49;Maine-et-Loire;2004;10085;4. De 10 000 à 20 000;0.006687962;3. De -1% à 1%
50;Manche;2004;5487;3. De 5000 à 10 000;-0.000546448;2. De -5% à -1%
51;Marne;2004;6979;3. De 5000 à 10 000;0.009109312;3. De -1% à 1%
52;Haute-Marne;2004;2095;1. De 0 à 3000;-0.002380952;3. De -1% à 1%
53;Mayenne;2004;3932;2. De 3000 à 5000;0.022360894;4. De 1% à 5%
54;Meurthe-et-Moselle;2004;8671;3. De 5000 à 10 000;0.03250774;4. De 1% à 5%
55;Meuse;2004;2287;1. De 0 à 3000;0.031109107;4. De 1% à 5%
56;Morbihan;2004;8036;3. De 5000 à 10 000;0.028015863;4. De 1% à 5%
57;Moselle;2004;11970;4. De 10 000 à 20 000;0.022203245;4. De 1% à 5%
58;Nièvre;2004;2181;1. De 0 à 3000;0.02731983;4. De 1% à 5%
59;Nord;2004;36257;5. Plus de 20 000;0.004376853;3. De -1% à 1%
60;Oise;2004;10630;4. De 10 000 à 20 000;-0.006170531;3. De -1% à 1%
61;Orne;2004;3243;2. De 3000 à 5000;-0.024074631;4. De 1% à 5%
62;Pas-de-Calais;2004;19304;4. De 10 000 à 20 000;0.022024566;4. De 1% à 5%
63;Puy-de-Dôme;2004;6632;3. De 5000 à 10 000;0.008515815;3. De -1% à 1%
64;Pyrénées-Atlantiques;2004;6338;3. De 5000 à 10 000;-0.015226849;2. De -5% à -1%
65;Hautes-Pyrénées;2004;2186;1. De 0 à 3000;0.019589552;4. De 1% à 5%
66;Pyrénées-Orientales;2004;4320;2. De 3000 à 5000;-0.030520646;2. De -5% à -1%
67;Bas-Rhin;2004;12828;4. De 10 000 à 20 000;-0.01504914;2. De -5% à -1%
68;Haut-Rhin;2004;8945;3. De 5000 à 10 000;-0.011055832;2. De -5% à -1%
69;Rhône;2004;23796;5. Plus de 20 000;0.017967146;4. De 1% à 5%
70;Haute-Saône;2004;2773;1. De 0 à 3000;0.036635514;4. De 1% à 5%
71;Saône-et-Loire;2004;5709;3. De 5000 à 10 000;-0.001399335;3. De -1% à 1%
72;Sarthe;2004;6935;3. De 5000 à 10 000;0.00931451;3. De -1% à 1%
73;Savoie;2004;4736;2. De 3000 à 5000;0.010454448;4. De 1% à 5%
74;Haute-Savoie;2004;8753;3. De 5000 à 10 000;-0.009729607;3. De -1% à 1%
75;Paris;2004;31817;5. Plus de 20 000;0.010288001;4. De 1% à 5%
76;Seine-Maritime;2004;15650;4. De 10 000 à 20 000;-0.013365276;2. De -5% à -1%
77;Seine-et-Marne;2004;17729;4. De 10 000 à 20 000;0.013027827;4. De 1% à 5%
78;Yvelines;2004;19431;4. De 10 000 à 20 000;-0.025379947;2. De -5% à -1%
79;Deux-Sèvres;2004;4100;2. De 3000 à 5000;0.02653981;4. De 1% à 5%
80;Somme;2004;7035;3. De 5000 à 10 000;-0.013877208;2. De -5% à -1%
81;Tarn;2004;3611;2. De 3000 à 5000;0.008941045;3. De -1% à 1%
82;Tarn-et-Garonne;2004;2591;1. De 0 à 3000;0.080483736;5. Plus de 5%
83;Var;2004;10622;4. De 10 000 à 20 000;0.022525992;4. De 1% à 5%
84;Vaucluse;2004;6629;3. De 5000 à 10 000;0.012524821;4. De 1% à 5%
85;Vendée;2004;7062;3. De 5000 à 10 000;0.027349433;4. De 1% à 5%
86;Vienne;2004;4568;2. De 3000 à 5000;-0.005659556;3. De -1% à 1%
87;Haute-Vienne;2004;3659;2. De 3000 à 5000;0.060887214;5. Plus de 5%
88;Vosges;2004;4264;2. De 3000 à 5000;-0.00629224;3. De -1% à 1%
89;Yonne;2004;3844;2. De 3000 à 5000;0.036118598;4. De 1% à 5%
90;Territoire-de-Belfort;2004;1766;1. De 0 à 3000;-0.068565401;1. Moins de -5%
91;Essonne;2004;17614;4. De 10 000 à 20 000;0.028734961;4. De 1% à 5%
92;Hauts-de-Seine;2004;24649;5. Plus de 20 000;0.001706831;3. De -1% à 1%
93;Seine-Saint-Denis;2004;26313;5. Plus de 20 000;0.017202722;4. De 1% à 5%
94;Val-de-Marne;2004;19866;4. De 10 000 à 20 000;0.011661659;4. De 1% à 5%
95;Val-d'Oise;2004;17863;4. De 10 000 à 20 000;0.029805142;4. De 1% à 5%
1;Ain;2005;6976;3. De 5000 à 10 000;0.040262452;4. De 1% à 5%
2;Aisne;2005;6889;3. De 5000 à 10 000;0.018932111;4. De 1% à 5%
3;Allier;2005;3363;2. De 3000 à 5000;0.008395802;3. De -1% à 1%
4;Alpes-de-Haute-Provence;2005;1514;1. De 0 à 3000;-0.005256242;3. De -1% à 1%
5;Hautes-Alpes;2005;1395;1. De 0 à 3000;-0.005702067;3. De -1% à 1%
6;Alpes-Maritimes;2005;11631;4. De 10 000 à 20 000;0.010161542;4. De 1% à 5%
7;Ardèche;2005;3414;2. De 3000 à 5000;0.074937028;5. Plus de 5%
8;Ardennes;2005;3420;2. De 3000 à 5000;-0.000584454;2. De -5% à -1%
9;Ariège;2005;1389;1. De 0 à 3000;-0.016288952;2. De -5% à -1%
10;Aube;2005;3692;2. De 3000 à 5000;0.039121869;4. De 1% à 5%
11;Aude;2005;3502;2. De 3000 à 5000;0.054501656;5. Plus de 5%
12;Aveyron;2005;2701;1. De 0 à 3000;0.033282326;4. De 1% à 5%
13;Bouches-du-Rhône;2005;24411;5. Plus de 20 000;0.014757233;4. De 1% à 5%
14;Calvados;2005;8251;3. De 5000 à 10 000;-0.000726656;3. De -1% à 1%
15;Cantal;2005;1391;1. De 0 à 3000;-0.003581662;3. De -1% à 1%
16;Charente;2005;3570;2. De 3000 à 5000;0.015936255;4. De 1% à 5%
17;Charente-Maritime;2005;6069;3. De 5000 à 10 000;0.028644068;4. De 1% à 5%
18;Cher;2005;3313;2. De 3000 à 5000;0.01284011;4. De 1% à 5%
19;Corrèze;2005;2319;1. De 0 à 3000;0.030666667;4. De 1% à 5%
21;Côte-d'Or;2005;5844;3. De 5000 à 10 000;-0.034368804;2. De -5% à -1%
22;Côtes-d'Armor;2005;6287;3. De 5000 à 10 000;-0.00474909;3. De -1% à 1%
23;Creuse;2005;1054;1. De 0 à 3000;0.101358412;5. Plus de 5%
24;Dordogne;2005;3662;2. De 3000 à 5000;-0.007588076;3. De -1% à 1%
25;Doubs;2005;6782;3. De 5000 à 10 000;-0.002353633;3. De -1% à 1%
26;Drôme;2005;5579;3. De 5000 à 10 000;-0.021742942;2. De -5% à -1%
27;Eure;2005;7386;3. De 5000 à 10 000;0.02299169;4. De 1% à 5%
28;Eure-et-Loir;2005;5585;3. De 5000 à 10 000;0.041394742;4. De 1% à 5%
29;Finistère;2005;9851;3. De 5000 à 10 000;-0.011241594;2. De -5% à -1%
30;Gard;2005;7901;3. De 5000 à 10 000;0.015944452;4. De 1% à 5%
31;Haute-Garonne;2005;14233;4. De 10 000 à 20 000;0.023956835;4. De 1% à 5%
32;Gers;2005;1666;1. De 0 à 3000;0.025230769;4. De 1% à 5%
33;Gironde;2005;15722;4. De 10 000 à 20 000;-0.006131867;3. De -1% à 1%
34;Hérault;2005;11636;4. De 10 000 à 20 000;0.006400277;3. De -1% à 1%
35;Ille-et-Vilaine;2005;12405;4. De 10 000 à 20 000;0.027584493;4. De 1% à 5%
36;Indre;2005;2394;1. De 0 à 3000;0.034572169;4. De 1% à 5%
37;Indre-et-Loire;2005;6644;3. De 5000 à 10 000;0.007582651;3. De -1% à 1%
38;Isère;2005;15447;4. De 10 000 à 20 000;0.005926022;3. De -1% à 1%
39;Jura;2005;2924;1. De 0 à 3000;-0.030825323;4. De 1% à 5%
40;Landes;2005;3574;2. De 3000 à 5000;-0.01297984;2. De -5% à -1%
41;Loir-et-Cher;2005;3724;2. De 3000 à 5000;0.012506797;4. De 1% à 5%
42;Loire;2005;8975;3. De 5000 à 10 000;0.007747586;3. De -1% à 1%
43;Haute-Loire;2005;2485;1. De 0 à 3000;0.028559603;4. De 1% à 5%
44;Loire-Atlantique;2005;16301;4. De 10 000 à 20 000;0.019577183;4. De 1% à 5%
45;Loiret;2005;8200;3. De 5000 à 10 000;-0.026590693;2. De -5% à -1%
46;Lot;2005;1477;1. De 0 à 3000;0.032867133;4. De 1% à 5%
47;Lot-et-Garonne;2005;3341;2. De 3000 à 5000;0.029583975;4. De 1% à 5%
48;Lozère;2005;760;1. De 0 à 3000;-0.015544041;2. De -5% à -1%
49;Maine-et-Loire;2005;10148;4. De 10 000 à 20 000;0.006246901;4. De 1% à 5%
50;Manche;2005;5538;3. De 5000 à 10 000;0.009294697;2. De -5% à -1%
51;Marne;2005;7108;3. De 5000 à 10 000;0.018484023;4. De 1% à 5%
52;Haute-Marne;2005;2029;1. De 0 à 3000;-0.03150358;2. De -5% à -1%
53;Mayenne;2005;3981;2. De 3000 à 5000;0.012461851;4. De 1% à 5%
54;Meurthe-et-Moselle;2005;8542;3. De 5000 à 10 000;-0.014877177;2. De -5% à -1%
55;Meuse;2005;2158;1. De 0 à 3000;-0.056405772;1. Moins de -5%
56;Morbihan;2005;7802;3. De 5000 à 10 000;-0.029118965;2. De -5% à -1%
57;Moselle;2005;12048;4. De 10 000 à 20 000;0.006516291;3. De -1% à 1%
58;Nièvre;2005;2115;1. De 0 à 3000;-0.030261348;2. De -5% à -1%
59;Nord;2005;35960;5. Plus de 20 000;-0.008191522;3. De -1% à 1%
60;Oise;2005;10753;4. De 10 000 à 20 000;0.011571025;4. De 1% à 5%
61;Orne;2005;3117;2. De 3000 à 5000;-0.038852914;2. De -5% à -1%
62;Pas-de-Calais;2005;19407;4. De 10 000 à 20 000;0.005335682;3. De -1% à 1%
63;Puy-de-Dôme;2005;6701;3. De 5000 à 10 000;0.010404101;4. De 1% à 5%
64;Pyrénées-Atlantiques;2005;6395;3. De 5000 à 10 000;0.008993373;3. De -1% à 1%
65;Hautes-Pyrénées;2005;2095;1. De 0 à 3000;-0.041628545;2. De -5% à -1%
66;Pyrénées-Orientales;2005;4563;2. De 3000 à 5000;0.05625;5. Plus de 5%
67;Bas-Rhin;2005;13195;4. De 10 000 à 20 000;0.028609292;4. De 1% à 5%
68;Haut-Rhin;2005;8912;3. De 5000 à 10 000;-0.003689212;3. De -1% à 1%
69;Rhône;2005;24270;5. Plus de 20 000;0.019919314;4. De 1% à 5%
70;Haute-Saône;2005;2827;1. De 0 à 3000;0.019473494;4. De 1% à 5%
71;Saône-et-Loire;2005;5789;3. De 5000 à 10 000;0.014012962;4. De 1% à 5%
72;Sarthe;2005;6770;3. De 5000 à 10 000;-0.023792358;2. De -5% à -1%
73;Savoie;2005;4795;2. De 3000 à 5000;0.01245777;4. De 1% à 5%
74;Haute-Savoie;2005;8967;3. De 5000 à 10 000;0.02444876;4. De 1% à 5%
75;Paris;2005;31378;5. Plus de 20 000;-0.013797655;2. De -5% à -1%
76;Seine-Maritime;2005;15691;4. De 10 000 à 20 000;0.002619808;3. De -1% à 1%
77;Seine-et-Marne;2005;18317;4. De 10 000 à 20 000;0.033165999;4. De 1% à 5%
78;Yvelines;2005;19766;4. De 10 000 à 20 000;0.017240492;4. De 1% à 5%
79;Deux-Sèvres;2005;4191;2. De 3000 à 5000;0.022195122;4. De 1% à 5%
80;Somme;2005;7024;3. De 5000 à 10 000;-0.001563611;3. De -1% à 1%
81;Tarn;2005;3837;2. De 3000 à 5000;0.062586541;5. Plus de 5%
82;Tarn-et-Garonne;2005;2590;1. De 0 à 3000;-0.000385951;3. De -1% à 1%
83;Var;2005;10646;4. De 10 000 à 20 000;0.002259461;3. De -1% à 1%
84;Vaucluse;2005;6608;3. De 5000 à 10 000;-0.003167899;3. De -1% à 1%
85;Vendée;2005;7299;3. De 5000 à 10 000;0.033559898;4. De 1% à 5%
86;Vienne;2005;4725;2. De 3000 à 5000;0.034369527;4. De 1% à 5%
87;Haute-Vienne;2005;3834;2. De 3000 à 5000;0.047827275;4. De 1% à 5%
88;Vosges;2005;4310;2. De 3000 à 5000;0.010787992;4. De 1% à 5%
89;Yonne;2005;3821;2. De 3000 à 5000;-0.005983351;3. De -1% à 1%
90;Territoire-de-Belfort;2005;1837;1. De 0 à 3000;0.040203851;4. De 1% à 5%
91;Essonne;2005;17753;4. De 10 000 à 20 000;0.00789145;3. De -1% à 1%
92;Hauts-de-Seine;2005;24588;5. Plus de 20 000;-0.002474745;3. De -1% à 1%
93;Seine-Saint-Denis;2005;26760;5. Plus de 20 000;0.016987801;4. De 1% à 5%
94;Val-de-Marne;2005;19947;4. De 10 000 à 20 000;0.004077318;3. De -1% à 1%
95;Val-d'Oise;2005;18012;4. De 10 000 à 20 000;0.008341264;3. De -1% à 1%
1;Ain;2006;7228;3. De 5000 à 10 000;0.036123853;4. De 1% à 5%
2;Aisne;2006;7041;3. De 5000 à 10 000;0.02206416;4. De 1% à 5%
3;Allier;2006;3503;2. De 3000 à 5000;0.041629497;4. De 1% à 5%
4;Alpes-de-Haute-Provence;2006;1536;1. De 0 à 3000;0.014531044;4. De 1% à 5%
5;Hautes-Alpes;2006;1461;1. De 0 à 3000;0.047311828;4. De 1% à 5%
6;Alpes-Maritimes;2006;11754;4. De 10 000 à 20 000;0.010575187;4. De 1% à 5%
7;Ardèche;2006;3484;2. De 3000 à 5000;0.020503808;4. De 1% à 5%
8;Ardennes;2006;3343;2. De 3000 à 5000;-0.02251462;5. Plus de 5%
9;Ariège;2006;1499;1. De 0 à 3000;0.079193665;5. Plus de 5%
10;Aube;2006;3685;2. De 3000 à 5000;-0.001895991;3. De -1% à 1%
11;Aude;2006;3661;2. De 3000 à 5000;0.045402627;4. De 1% à 5%
12;Aveyron;2006;2829;1. De 0 à 3000;0.047389856;4. De 1% à 5%
13;Bouches-du-Rhône;2006;25371;5. Plus de 20 000;0.039326533;4. De 1% à 5%
14;Calvados;2006;8531;3. De 5000 à 10 000;0.033935281;4. De 1% à 5%
15;Cantal;2006;1398;1. De 0 à 3000;0.005032351;3. De -1% à 1%
16;Charente;2006;3653;2. De 3000 à 5000;0.0232493;4. De 1% à 5%
17;Charente-Maritime;2006;6089;3. De 5000 à 10 000;0.003295436;3. De -1% à 1%
18;Cher;2006;3231;2. De 3000 à 5000;-0.024750981;2. De -5% à -1%
19;Corrèze;2006;2327;1. De 0 à 3000;0.003449763;3. De -1% à 1%
21;Côte-d'Or;2006;5986;3. De 5000 à 10 000;0.024298426;4. De 1% à 5%
22;Côtes-d'Armor;2006;6743;3. De 5000 à 10 000;0.072530619;5. Plus de 5%
23;Creuse;2006;1038;1. De 0 à 3000;-0.015180266;2. De -5% à -1%
24;Dordogne;2006;3758;2. De 3000 à 5000;0.026215183;4. De 1% à 5%
25;Doubs;2006;6993;3. De 5000 à 10 000;0.031111766;4. De 1% à 5%
26;Drôme;2006;5945;3. De 5000 à 10 000;0.065603155;5. Plus de 5%
27;Eure;2006;7402;3. De 5000 à 10 000;0.00216626;3. De -1% à 1%
28;Eure-et-Loir;2006;5632;3. De 5000 à 10 000;0.008415398;3. De -1% à 1%
29;Finistère;2006;10184;4. De 10 000 à 20 000;0.033803675;2. De -5% à -1%
30;Gard;2006;8384;3. De 5000 à 10 000;0.061131502;5. Plus de 5%
31;Haute-Garonne;2006;14957;4. De 10 000 à 20 000;0.050867702;5. Plus de 5%
32;Gers;2006;1580;1. De 0 à 3000;-0.051620648;1. Moins de -5%
33;Gironde;2006;16539;4. De 10 000 à 20 000;0.051965399;5. Plus de 5%
34;Hérault;2006;12191;4. De 10 000 à 20 000;0.047696803;4. De 1% à 5%
35;Ille-et-Vilaine;2006;12687;4. De 10 000 à 20 000;0.022732769;4. De 1% à 5%
36;Indre;2006;2283;1. De 0 à 3000;-0.046365915;2. De -5% à -1%
37;Indre-et-Loire;2006;6813;3. De 5000 à 10 000;0.025436484;4. De 1% à 5%
38;Isère;2006;15830;4. De 10 000 à 20 000;0.024794458;4. De 1% à 5%
39;Jura;2006;3021;2. De 3000 à 5000;0.033173735;3. De -1% à 1%
40;Landes;2006;3755;2. De 3000 à 5000;0.050643537;5. Plus de 5%
41;Loir-et-Cher;2006;3815;2. De 3000 à 5000;0.02443609;4. De 1% à 5%
42;Loire;2006;9184;3. De 5000 à 10 000;0.023286908;4. De 1% à 5%
43;Haute-Loire;2006;2426;1. De 0 à 3000;-0.023742455;2. De -5% à -1%
44;Loire-Atlantique;2006;16530;4. De 10 000 à 20 000;0.014048218;4. De 1% à 5%
45;Loiret;2006;8635;3. De 5000 à 10 000;0.05304878;5. Plus de 5%
46;Lot;2006;1563;1. De 0 à 3000;0.058226134;5. Plus de 5%
47;Lot-et-Garonne;2006;3426;2. De 3000 à 5000;0.025441485;4. De 1% à 5%
48;Lozère;2006;784;1. De 0 à 3000;0.031578947;4. De 1% à 5%
49;Maine-et-Loire;2006;10548;4. De 10 000 à 20 000;0.039416634;2. De -5% à -1%
50;Manche;2006;5448;3. De 5000 à 10 000;-0.016251354;3. De -1% à 1%
51;Marne;2006;7118;3. De 5000 à 10 000;0.001406866;3. De -1% à 1%
52;Haute-Marne;2006;2104;1. De 0 à 3000;0.036964022;4. De 1% à 5%
53;Mayenne;2006;4118;2. De 3000 à 5000;0.034413464;4. De 1% à 5%
54;Meurthe-et-Moselle;2006;8743;3. De 5000 à 10 000;0.023530789;4. De 1% à 5%
55;Meuse;2006;2294;1. De 0 à 3000;0.063021316;5. Plus de 5%
56;Morbihan;2006;8221;3. De 5000 à 10 000;0.053704178;5. Plus de 5%
57;Moselle;2006;12114;4. De 10 000 à 20 000;0.005478088;3. De -1% à 1%
58;Nièvre;2006;2137;1. De 0 à 3000;0.010401891;4. De 1% à 5%
59;Nord;2006;36858;5. Plus de 20 000;0.024972191;4. De 1% à 5%
60;Oise;2006;11144;4. De 10 000 à 20 000;0.036361946;4. De 1% à 5%
61;Orne;2006;3276;2. De 3000 à 5000;0.051010587;4. De 1% à 5%
62;Pas-de-Calais;2006;19780;4. De 10 000 à 20 000;0.019219869;4. De 1% à 5%
63;Puy-de-Dôme;2006;6902;3. De 5000 à 10 000;0.029995523;4. De 1% à 5%
64;Pyrénées-Atlantiques;2006;6680;3. De 5000 à 10 000;0.044566067;4. De 1% à 5%
65;Hautes-Pyrénées;2006;2284;1. De 0 à 3000;0.090214797;5. Plus de 5%
66;Pyrénées-Orientales;2006;4779;2. De 3000 à 5000;0.047337278;4. De 1% à 5%
67;Bas-Rhin;2006;13388;4. De 10 000 à 20 000;0.014626753;4. De 1% à 5%
68;Haut-Rhin;2006;9324;3. De 5000 à 10 000;0.046229803;4. De 1% à 5%
69;Rhône;2006;24808;5. Plus de 20 000;0.022167285;4. De 1% à 5%
70;Haute-Saône;2006;2975;1. De 0 à 3000;0.052352317;5. Plus de 5%
71;Saône-et-Loire;2006;5876;3. De 5000 à 10 000;0.015028502;4. De 1% à 5%
72;Sarthe;2006;7133;3. De 5000 à 10 000;0.053618907;5. Plus de 5%
73;Savoie;2006;4903;2. De 3000 à 5000;0.022523462;4. De 1% à 5%
74;Haute-Savoie;2006;9124;3. De 5000 à 10 000;0.017508643;4. De 1% à 5%
75;Paris;2006;31748;5. Plus de 20 000;0.011791701;4. De 1% à 5%
76;Seine-Maritime;2006;16004;4. De 10 000 à 20 000;0.019947741;4. De 1% à 5%
77;Seine-et-Marne;2006;18986;4. De 10 000 à 20 000;0.036523448;4. De 1% à 5%
78;Yvelines;2006;20438;5. Plus de 20 000;0.033997774;3. De -1% à 1%
79;Deux-Sèvres;2006;4057;2. De 3000 à 5000;-0.031973276;2. De -5% à -1%
80;Somme;2006;7021;3. De 5000 à 10 000;-0.000427107;3. De -1% à 1%
81;Tarn;2006;3933;2. De 3000 à 5000;0.025019547;4. De 1% à 5%
82;Tarn-et-Garonne;2006;2823;1. De 0 à 3000;0.08996139;5. Plus de 5%
83;Var;2006;10889;4. De 10 000 à 20 000;0.022825474;4. De 1% à 5%
84;Vaucluse;2006;6805;3. De 5000 à 10 000;0.029812349;4. De 1% à 5%
85;Vendée;2006;7589;3. De 5000 à 10 000;0.03973147;4. De 1% à 5%
86;Vienne;2006;4850;2. De 3000 à 5000;0.026455026;4. De 1% à 5%
87;Haute-Vienne;2006;3754;2. De 3000 à 5000;-0.020865936;2. De -5% à -1%
88;Vosges;2006;4416;2. De 3000 à 5000;0.024593968;4. De 1% à 5%
89;Yonne;2006;3929;2. De 3000 à 5000;0.028264852;4. De 1% à 5%
90;Territoire-de-Belfort;2006;1888;1. De 0 à 3000;0.027762657;4. De 1% à 5%
91;Essonne;2006;18281;4. De 10 000 à 20 000;0.029741452;4. De 1% à 5%
92;Hauts-de-Seine;2006;25426;5. Plus de 20 000;0.034081666;4. De 1% à 5%
93;Seine-Saint-Denis;2006;27916;5. Plus de 20 000;0.043198804;4. De 1% à 5%
94;Val-de-Marne;2006;20948;5. Plus de 20 000;0.050182985;5. Plus de 5%
95;Val-d'Oise;2006;19015;4. De 10 000 à 20 000;0.055685099;5. Plus de 5%
1;Ain;2007;6949;3. De 5000 à 10 000;-0.038599889;2. De -5% à -1%
2;Aisne;2007;6847;3. De 5000 à 10 000;-0.027552904;2. De -5% à -1%
3;Allier;2007;3277;2. De 3000 à 5000;-0.064516129;1. Moins de -5%
4;Alpes-de-Haute-Provence;2007;1569;1. De 0 à 3000;0.021484375;4. De 1% à 5%
5;Hautes-Alpes;2007;1448;1. De 0 à 3000;-0.008898015;3. De -1% à 1%
6;Alpes-Maritimes;2007;11633;4. De 10 000 à 20 000;-0.010294368;2. De -5% à -1%
7;Ardèche;2007;3484;2. De 3000 à 5000;0;3. De -1% à 1%
8;Ardennes;2007;3552;2. De 3000 à 5000;0.062518696;3. De -1% à 1%
9;Ariège;2007;1570;1. De 0 à 3000;0.04736491;4. De 1% à 5%
10;Aube;2007;3619;2. De 3000 à 5000;-0.017910448;2. De -5% à -1%
11;Aude;2007;3723;2. De 3000 à 5000;0.016935264;4. De 1% à 5%
12;Aveyron;2007;2769;1. De 0 à 3000;-0.021208908;2. De -5% à -1%
13;Bouches-du-Rhône;2007;25126;5. Plus de 20 000;-0.009656695;3. De -1% à 1%
14;Calvados;2007;8310;3. De 5000 à 10 000;-0.025905521;2. De -5% à -1%
15;Cantal;2007;1357;1. De 0 à 3000;-0.029327611;2. De -5% à -1%
16;Charente;2007;3618;2. De 3000 à 5000;-0.009581166;3. De -1% à 1%
17;Charente-Maritime;2007;5903;3. De 5000 à 10 000;-0.030546888;2. De -5% à -1%
18;Cher;2007;3341;2. De 3000 à 5000;0.034045187;4. De 1% à 5%
19;Corrèze;2007;2245;1. De 0 à 3000;-0.035238505;2. De -5% à -1%
21;Côte-d'Or;2007;6015;3. De 5000 à 10 000;0.004844637;3. De -1% à 1%
22;Côtes-d'Armor;2007;6473;3. De 5000 à 10 000;-0.040041525;2. De -5% à -1%
23;Creuse;2007;1013;1. De 0 à 3000;-0.024084778;2. De -5% à -1%
24;Dordogne;2007;3760;2. De 3000 à 5000;0.000532198;3. De -1% à 1%
25;Doubs;2007;6804;3. De 5000 à 10 000;-0.027027027;2. De -5% à -1%
26;Drôme;2007;5833;3. De 5000 à 10 000;-0.018839361;2. De -5% à -1%
27;Eure;2007;7471;3. De 5000 à 10 000;0.009321805;3. De -1% à 1%
28;Eure-et-Loir;2007;5440;3. De 5000 à 10 000;-0.034090909;2. De -5% à -1%
29;Finistère;2007;9962;3. De 5000 à 10 000;-0.0217989;4. De 1% à 5%
30;Gard;2007;8190;3. De 5000 à 10 000;-0.023139313;2. De -5% à -1%
31;Haute-Garonne;2007;14968;4. De 10 000 à 20 000;0.000735442;3. De -1% à 1%
32;Gers;2007;1669;1. De 0 à 3000;0.056329114;5. Plus de 5%
33;Gironde;2007;16514;4. De 10 000 à 20 000;-0.001511579;3. De -1% à 1%
34;Hérault;2007;12252;4. De 10 000 à 20 000;0.005003691;3. De -1% à 1%
35;Ille-et-Vilaine;2007;12606;4. De 10 000 à 20 000;-0.006384488;3. De -1% à 1%
36;Indre;2007;2341;1. De 0 à 3000;0.025405169;4. De 1% à 5%
37;Indre-et-Loire;2007;6434;3. De 5000 à 10 000;-0.055628945;1. Moins de -5%
38;Isère;2007;15646;4. De 10 000 à 20 000;-0.0116235;2. De -5% à -1%
39;Jura;2007;3037;2. De 3000 à 5000;0.00529626;2. De -5% à -1%
40;Landes;2007;3953;2. De 3000 à 5000;0.052729694;5. Plus de 5%
41;Loir-et-Cher;2007;3752;2. De 3000 à 5000;-0.016513761;2. De -5% à -1%
42;Loire;2007;9222;3. De 5000 à 10 000;0.004137631;3. De -1% à 1%
43;Haute-Loire;2007;2301;1. De 0 à 3000;-0.051525144;1. Moins de -5%
44;Loire-Atlantique;2007;16664;4. De 10 000 à 20 000;0.008106473;3. De -1% à 1%
45;Loiret;2007;8644;3. De 5000 à 10 000;0.00104227;3. De -1% à 1%
46;Lot;2007;1511;1. De 0 à 3000;-0.033269354;2. De -5% à -1%
47;Lot-et-Garonne;2007;3399;2. De 3000 à 5000;-0.007880911;3. De -1% à 1%
48;Lozère;2007;781;1. De 0 à 3000;-0.003826531;3. De -1% à 1%
49;Maine-et-Loire;2007;10227;4. De 10 000 à 20 000;-0.030432309;3. De -1% à 1%
50;Manche;2007;5356;3. De 5000 à 10 000;-0.016886931;2. De -5% à -1%
51;Marne;2007;6932;3. De 5000 à 10 000;-0.026130936;2. De -5% à -1%
52;Haute-Marne;2007;2062;1. De 0 à 3000;-0.019961977;2. De -5% à -1%
53;Mayenne;2007;3835;2. De 3000 à 5000;-0.068722681;1. Moins de -5%
54;Meurthe-et-Moselle;2007;8421;3. De 5000 à 10 000;-0.036829464;2. De -5% à -1%
55;Meuse;2007;2296;1. De 0 à 3000;0.00087184;3. De -1% à 1%
56;Morbihan;2007;7968;3. De 5000 à 10 000;-0.030774845;2. De -5% à -1%
57;Moselle;2007;11853;4. De 10 000 à 20 000;-0.021545319;2. De -5% à -1%
58;Nièvre;2007;2151;1. De 0 à 3000;0.00655124;3. De -1% à 1%
59;Nord;2007;36531;5. Plus de 20 000;-0.008871887;3. De -1% à 1%
60;Oise;2007;11097;4. De 10 000 à 20 000;-0.004217516;3. De -1% à 1%
61;Orne;2007;3316;2. De 3000 à 5000;0.012210012;2. De -5% à -1%
62;Pas-de-Calais;2007;19668;4. De 10 000 à 20 000;-0.005662285;3. De -1% à 1%
63;Puy-de-Dôme;2007;6896;3. De 5000 à 10 000;-0.000869313;3. De -1% à 1%
64;Pyrénées-Atlantiques;2007;6288;3. De 5000 à 10 000;-0.058682635;1. Moins de -5%
65;Hautes-Pyrénées;2007;2266;1. De 0 à 3000;-0.007880911;3. De -1% à 1%
66;Pyrénées-Orientales;2007;4638;2. De 3000 à 5000;-0.02950408;2. De -5% à -1%
67;Bas-Rhin;2007;13152;4. De 10 000 à 20 000;-0.017627726;2. De -5% à -1%
68;Haut-Rhin;2007;8941;3. De 5000 à 10 000;-0.041076791;2. De -5% à -1%
69;Rhône;2007;24465;5. Plus de 20 000;-0.013826185;2. De -5% à -1%
70;Haute-Saône;2007;2888;1. De 0 à 3000;-0.029243697;2. De -5% à -1%
71;Saône-et-Loire;2007;5736;3. De 5000 à 10 000;-0.023825732;2. De -5% à -1%
72;Sarthe;2007;6808;3. De 5000 à 10 000;-0.045562877;2. De -5% à -1%
73;Savoie;2007;5000;3. De 5000 à 10 000;0.019783806;3. De -1% à 1%
74;Haute-Savoie;2007;8939;3. De 5000 à 10 000;-0.020276195;2. De -5% à -1%
75;Paris;2007;30820;5. Plus de 20 000;-0.029230188;2. De -5% à -1%
76;Seine-Maritime;2007;16066;4. De 10 000 à 20 000;0.003874031;3. De -1% à 1%
77;Seine-et-Marne;2007;18978;4. De 10 000 à 20 000;-0.000421363;3. De -1% à 1%
78;Yvelines;2007;19899;4. De 10 000 à 20 000;-0.026372443;4. De 1% à 5%
79;Deux-Sèvres;2007;4037;2. De 3000 à 5000;-0.004929751;3. De -1% à 1%
80;Somme;2007;6939;3. De 5000 à 10 000;-0.011679248;2. De -5% à -1%
81;Tarn;2007;3869;2. De 3000 à 5000;-0.016272565;2. De -5% à -1%
82;Tarn-et-Garonne;2007;2858;1. De 0 à 3000;0.012398158;4. De 1% à 5%
83;Var;2007;10938;4. De 10 000 à 20 000;0.004499954;3. De -1% à 1%
84;Vaucluse;2007;6694;3. De 5000 à 10 000;-0.016311536;2. De -5% à -1%
85;Vendée;2007;7647;3. De 5000 à 10 000;0.007642641;3. De -1% à 1%
86;Vienne;2007;4753;2. De 3000 à 5000;-0.02;2. De -5% à -1%
87;Haute-Vienne;2007;3829;2. De 3000 à 5000;0.019978689;4. De 1% à 5%
88;Vosges;2007;4274;2. De 3000 à 5000;-0.032155797;2. De -5% à -1%
89;Yonne;2007;3917;2. De 3000 à 5000;-0.003054212;3. De -1% à 1%
90;Territoire-de-Belfort;2007;1880;1. De 0 à 3000;-0.004237288;3. De -1% à 1%
91;Essonne;2007;17932;4. De 10 000 à 20 000;-0.019090859;2. De -5% à -1%
92;Hauts-de-Seine;2007;24937;5. Plus de 20 000;-0.019232282;2. De -5% à -1%
93;Seine-Saint-Denis;2007;27743;5. Plus de 20 000;-0.006197163;3. De -1% à 1%
94;Val-de-Marne;2007;20331;5. Plus de 20 000;-0.029453886;2. De -5% à -1%
95;Val-d'Oise;2007;18624;4. De 10 000 à 20 000;-0.020562714;2. De -5% à -1%
1;Ain;2008;7323;3. De 5000 à 10 000;0.053820694;5. Plus de 5%
2;Aisne;2008;7012;3. De 5000 à 10 000;0.024098145;4. De 1% à 5%
3;Allier;2008;3289;2. De 3000 à 5000;0.003661886;3. De -1% à 1%
4;Alpes-de-Haute-Provence;2008;1569;1. De 0 à 3000;0;3. De -1% à 1%
5;Hautes-Alpes;2008;1441;1. De 0 à 3000;-0.004834254;3. De -1% à 1%
6;Alpes-Maritimes;2008;12275;4. De 10 000 à 20 000;0.055187828;5. Plus de 5%
7;Ardèche;2008;3447;2. De 3000 à 5000;-0.010619977;2. De -5% à -1%
8;Ardennes;2008;3522;2. De 3000 à 5000;-0.008445946;1. Moins de -5%
9;Ariège;2008;1493;1. De 0 à 3000;-0.049044586;2. De -5% à -1%
10;Aube;2008;3721;2. De 3000 à 5000;0.028184581;4. De 1% à 5%
11;Aude;2008;3778;2. De 3000 à 5000;0.014773033;4. De 1% à 5%
12;Aveyron;2008;2748;1. De 0 à 3000;-0.007583965;3. De -1% à 1%
13;Bouches-du-Rhône;2008;25412;5. Plus de 20 000;0.011382632;4. De 1% à 5%
14;Calvados;2008;8183;3. De 5000 à 10 000;-0.015282792;2. De -5% à -1%
15;Cantal;2008;1300;1. De 0 à 3000;-0.042004422;2. De -5% à -1%
16;Charente;2008;3666;2. De 3000 à 5000;0.013266998;4. De 1% à 5%
17;Charente-Maritime;2008;6136;3. De 5000 à 10 000;0.039471455;4. De 1% à 5%
18;Cher;2008;3303;2. De 3000 à 5000;-0.01137384;2. De -5% à -1%
19;Corrèze;2008;2263;1. De 0 à 3000;0.008017817;3. De -1% à 1%
21;Côte-d'Or;2008;5960;3. De 5000 à 10 000;-0.009143807;3. De -1% à 1%
22;Côtes-d'Armor;2008;6494;3. De 5000 à 10 000;0.003244245;3. De -1% à 1%
23;Creuse;2008;1029;1. De 0 à 3000;0.015794669;4. De 1% à 5%
24;Dordogne;2008;3832;2. De 3000 à 5000;0.019148936;4. De 1% à 5%
25;Doubs;2008;7097;3. De 5000 à 10 000;0.043062904;4. De 1% à 5%
26;Drôme;2008;5927;3. De 5000 à 10 000;0.016115207;4. De 1% à 5%
27;Eure;2008;7717;3. De 5000 à 10 000;0.032927319;4. De 1% à 5%
28;Eure-et-Loir;2008;5677;3. De 5000 à 10 000;0.043566176;4. De 1% à 5%
29;Finistère;2008;10040;4. De 10 000 à 20 000;0.007829753;2. De -5% à -1%
30;Gard;2008;8449;3. De 5000 à 10 000;0.031623932;4. De 1% à 5%
31;Haute-Garonne;2008;15415;4. De 10 000 à 20 000;0.029863709;4. De 1% à 5%
32;Gers;2008;1689;1. De 0 à 3000;0.011983223;4. De 1% à 5%
33;Gironde;2008;16636;4. De 10 000 à 20 000;0.007387671;3. De -1% à 1%
34;Hérault;2008;12564;4. De 10 000 à 20 000;0.02546523;4. De 1% à 5%
35;Ille-et-Vilaine;2008;12837;4. De 10 000 à 20 000;0.018324607;4. De 1% à 5%
36;Indre;2008;2371;1. De 0 à 3000;0.012815036;4. De 1% à 5%
37;Indre-et-Loire;2008;6811;3. De 5000 à 10 000;0.058594964;5. Plus de 5%
38;Isère;2008;15999;4. De 10 000 à 20 000;0.022561677;4. De 1% à 5%
39;Jura;2008;3045;2. De 3000 à 5000;0.002634178;2. De -5% à -1%
40;Landes;2008;3862;2. De 3000 à 5000;-0.023020491;2. De -5% à -1%
41;Loir-et-Cher;2008;3847;2. De 3000 à 5000;0.025319829;4. De 1% à 5%
42;Loire;2008;9357;3. De 5000 à 10 000;0.014638907;4. De 1% à 5%
43;Haute-Loire;2008;2398;1. De 0 à 3000;0.042155585;4. De 1% à 5%
44;Loire-Atlantique;2008;16763;4. De 10 000 à 20 000;0.005940951;3. De -1% à 1%
45;Loiret;2008;8524;3. De 5000 à 10 000;-0.013882462;2. De -5% à -1%
46;Lot;2008;1555;1. De 0 à 3000;0.029119788;4. De 1% à 5%
47;Lot-et-Garonne;2008;3378;2. De 3000 à 5000;-0.006178288;3. De -1% à 1%
48;Lozère;2008;779;1. De 0 à 3000;-0.002560819;3. De -1% à 1%
49;Maine-et-Loire;2008;10270;4. De 10 000 à 20 000;0.004204557;2. De -5% à -1%
50;Manche;2008;5384;3. De 5000 à 10 000;0.005227782;3. De -1% à 1%
51;Marne;2008;7065;3. De 5000 à 10 000;0.019186382;4. De 1% à 5%
52;Haute-Marne;2008;2037;1. De 0 à 3000;-0.012124151;2. De -5% à -1%
53;Mayenne;2008;3912;2. De 3000 à 5000;0.020078227;4. De 1% à 5%
54;Meurthe-et-Moselle;2008;8559;3. De 5000 à 10 000;0.016387602;4. De 1% à 5%
55;Meuse;2008;2220;1. De 0 à 3000;-0.033101045;2. De -5% à -1%
56;Morbihan;2008;8288;3. De 5000 à 10 000;0.040160643;4. De 1% à 5%
57;Moselle;2008;12012;4. De 10 000 à 20 000;0.013414325;4. De 1% à 5%
58;Nièvre;2008;2049;1. De 0 à 3000;-0.047419805;2. De -5% à -1%
59;Nord;2008;36572;5. Plus de 20 000;0.001122334;3. De -1% à 1%
60;Oise;2008;11162;4. De 10 000 à 20 000;0.005857439;3. De -1% à 1%
61;Orne;2008;3185;2. De 3000 à 5000;-0.039505428;2. De -5% à -1%
62;Pas-de-Calais;2008;19902;4. De 10 000 à 20 000;0.011897498;4. De 1% à 5%
63;Puy-de-Dôme;2008;6865;3. De 5000 à 10 000;-0.00449536;3. De -1% à 1%
64;Pyrénées-Atlantiques;2008;6455;3. De 5000 à 10 000;0.026558524;4. De 1% à 5%
65;Hautes-Pyrénées;2008;2095;1. De 0 à 3000;-0.075463372;1. Moins de -5%
66;Pyrénées-Orientales;2008;4756;2. De 3000 à 5000;0.025442001;4. De 1% à 5%
67;Bas-Rhin;2008;13231;4. De 10 000 à 20 000;0.006006691;3. De -1% à 1%
68;Haut-Rhin;2008;8909;3. De 5000 à 10 000;-0.003579018;3. De -1% à 1%
69;Rhône;2008;25120;5. Plus de 20 000;0.026772941;4. De 1% à 5%
70;Haute-Saône;2008;2755;1. De 0 à 3000;-0.046052632;2. De -5% à -1%
71;Saône-et-Loire;2008;5860;3. De 5000 à 10 000;0.021617852;4. De 1% à 5%
72;Sarthe;2008;6909;3. De 5000 à 10 000;0.014835488;4. De 1% à 5%
73;Savoie;2008;4971;2. De 3000 à 5000;-0.0058;4. De 1% à 5%
74;Haute-Savoie;2008;9333;3. De 5000 à 10 000;0.044076519;4. De 1% à 5%
75;Paris;2008;30623;5. Plus de 20 000;-0.006391953;3. De -1% à 1%
76;Seine-Maritime;2008;16041;4. De 10 000 à 20 000;-0.001556081;3. De -1% à 1%
77;Seine-et-Marne;2008;19240;4. De 10 000 à 20 000;0.013805459;4. De 1% à 5%
78;Yvelines;2008;19895;4. De 10 000 à 20 000;-0.000201015;2. De -5% à -1%
79;Deux-Sèvres;2008;4331;2. De 3000 à 5000;0.072826356;5. Plus de 5%
80;Somme;2008;7094;3. De 5000 à 10 000;0.022337513;4. De 1% à 5%
81;Tarn;2008;4056;2. De 3000 à 5000;0.048332903;4. De 1% à 5%
82;Tarn-et-Garonne;2008;2932;1. De 0 à 3000;0.025892232;4. De 1% à 5%
83;Var;2008;11131;4. De 10 000 à 20 000;0.017644908;4. De 1% à 5%
84;Vaucluse;2008;7000;3. De 5000 à 10 000;0.045712578;4. De 1% à 5%
85;Vendée;2008;7629;3. De 5000 à 10 000;-0.002353864;3. De -1% à 1%
86;Vienne;2008;4909;2. De 3000 à 5000;0.032821376;4. De 1% à 5%
87;Haute-Vienne;2008;3891;2. De 3000 à 5000;0.016192217;4. De 1% à 5%
88;Vosges;2008;4215;2. De 3000 à 5000;-0.013804399;2. De -5% à -1%
89;Yonne;2008;4045;2. De 3000 à 5000;0.03267807;4. De 1% à 5%
90;Territoire-de-Belfort;2008;1818;1. De 0 à 3000;-0.032978723;2. De -5% à -1%
91;Essonne;2008;18134;4. De 10 000 à 20 000;0.011264778;4. De 1% à 5%
92;Hauts-de-Seine;2008;25217;5. Plus de 20 000;0.011228295;4. De 1% à 5%
93;Seine-Saint-Denis;2008;28062;5. Plus de 20 000;0.011498396;4. De 1% à 5%
94;Val-de-Marne;2008;20736;5. Plus de 20 000;0.019920319;4. De 1% à 5%
95;Val-d'Oise;2008;18761;4. De 10 000 à 20 000;0.0073561;3. De -1% à 1%
1;Ain;2009;7157;3. De 5000 à 10 000;-0.022668305;2. De -5% à -1%
2;Aisne;2009;6941;3. De 5000 à 10 000;-0.010125499;2. De -5% à -1%
3;Allier;2009;3308;2. De 3000 à 5000;0.005776832;3. De -1% à 1%
4;Alpes-de-Haute-Provence;2009;1513;1. De 0 à 3000;-0.035691523;2. De -5% à -1%
5;Hautes-Alpes;2009;1513;1. De 0 à 3000;0.049965302;4. De 1% à 5%
6;Alpes-Maritimes;2009;11949;4. De 10 000 à 20 000;-0.026558045;2. De -5% à -1%
7;Ardèche;2009;3307;2. De 3000 à 5000;-0.040615028;2. De -5% à -1%
8;Ardennes;2009;3312;2. De 3000 à 5000;-0.059625213;2. De -5% à -1%
9;Ariège;2009;1452;1. De 0 à 3000;-0.027461487;2. De -5% à -1%
10;Aube;2009;3745;2. De 3000 à 5000;0.006449879;3. De -1% à 1%
11;Aude;2009;3797;2. De 3000 à 5000;0.005029116;3. De -1% à 1%
12;Aveyron;2009;2640;1. De 0 à 3000;-0.03930131;2. De -5% à -1%
13;Bouches-du-Rhône;2009;25547;5. Plus de 20 000;0.005312451;3. De -1% à 1%
14;Calvados;2009;8304;3. De 5000 à 10 000;0.014786753;4. De 1% à 5%
15;Cantal;2009;1377;1. De 0 à 3000;0.059230769;5. Plus de 5%
16;Charente;2009;3408;2. De 3000 à 5000;-0.070376432;1. Moins de -5%
17;Charente-Maritime;2009;6209;3. De 5000 à 10 000;0.011897001;4. De 1% à 5%
18;Cher;2009;3229;2. De 3000 à 5000;-0.022403875;2. De -5% à -1%
19;Corrèze;2009;2231;1. De 0 à 3000;-0.014140521;2. De -5% à -1%
21;Côte-d'Or;2009;5852;3. De 5000 à 10 000;-0.018120805;2. De -5% à -1%
22;Côtes-d'Armor;2009;6559;3. De 5000 à 10 000;0.010009239;4. De 1% à 5%
23;Creuse;2009;1044;1. De 0 à 3000;0.014577259;4. De 1% à 5%
24;Dordogne;2009;3672;2. De 3000 à 5000;-0.041753653;2. De -5% à -1%
25;Doubs;2009;6914;3. De 5000 à 10 000;-0.025785543;2. De -5% à -1%
26;Drôme;2009;5846;3. De 5000 à 10 000;-0.013666273;2. De -5% à -1%
27;Eure;2009;7714;3. De 5000 à 10 000;-0.000388752;3. De -1% à 1%
28;Eure-et-Loir;2009;5573;3. De 5000 à 10 000;-0.018319535;2. De -5% à -1%
29;Finistère;2009;9733;3. De 5000 à 10 000;-0.030577689;2. De -5% à -1%
30;Gard;2009;8354;3. De 5000 à 10 000;-0.011243934;2. De -5% à -1%
31;Haute-Garonne;2009;15317;4. De 10 000 à 20 000;-0.006357444;3. De -1% à 1%
32;Gers;2009;1718;1. De 0 à 3000;0.017169923;4. De 1% à 5%
33;Gironde;2009;17072;4. De 10 000 à 20 000;0.026208223;4. De 1% à 5%
34;Hérault;2009;12531;4. De 10 000 à 20 000;-0.002626552;3. De -1% à 1%
35;Ille-et-Vilaine;2009;12917;4. De 10 000 à 20 000;0.006231986;3. De -1% à 1%
36;Indre;2009;2178;1. De 0 à 3000;-0.081400253;1. Moins de -5%
37;Indre-et-Loire;2009;6828;3. De 5000 à 10 000;0.002495962;3. De -1% à 1%
38;Isère;2009;15916;4. De 10 000 à 20 000;-0.005187824;3. De -1% à 1%
39;Jura;2009;2897;1. De 0 à 3000;-0.048604269;2. De -5% à -1%
40;Landes;2009;3914;2. De 3000 à 5000;0.013464526;4. De 1% à 5%
41;Loir-et-Cher;2009;3786;2. De 3000 à 5000;-0.015856512;2. De -5% à -1%
42;Loire;2009;9174;3. De 5000 à 10 000;-0.01955755;2. De -5% à -1%
43;Haute-Loire;2009;2390;1. De 0 à 3000;-0.003336113;3. De -1% à 1%
44;Loire-Atlantique;2009;16766;4. De 10 000 à 20 000;0.000178966;3. De -1% à 1%
45;Loiret;2009;8499;3. De 5000 à 10 000;-0.002932895;3. De -1% à 1%
46;Lot;2009;1435;1. De 0 à 3000;-0.077170418;1. Moins de -5%
47;Lot-et-Garonne;2009;3445;2. De 3000 à 5000;0.019834221;4. De 1% à 5%
48;Lozère;2009;798;1. De 0 à 3000;0.024390244;4. De 1% à 5%
49;Maine-et-Loire;2009;10165;4. De 10 000 à 20 000;-0.010223953;4. De 1% à 5%
50;Manche;2009;5231;3. De 5000 à 10 000;-0.028417533;3. De -1% à 1%
51;Marne;2009;7061;3. De 5000 à 10 000;-0.000566171;3. De -1% à 1%
52;Haute-Marne;2009;1944;1. De 0 à 3000;-0.045655376;2. De -5% à -1%
53;Mayenne;2009;3897;2. De 3000 à 5000;-0.003834356;3. De -1% à 1%
54;Meurthe-et-Moselle;2009;8487;3. De 5000 à 10 000;-0.008412198;3. De -1% à 1%
55;Meuse;2009;2122;1. De 0 à 3000;-0.044144144;2. De -5% à -1%
56;Morbihan;2009;7942;3. De 5000 à 10 000;-0.041747104;2. De -5% à -1%
57;Moselle;2009;11831;4. De 10 000 à 20 000;-0.015068265;2. De -5% à -1%
58;Nièvre;2009;1986;1. De 0 à 3000;-0.030746706;2. De -5% à -1%
59;Nord;2009;36508;5. Plus de 20 000;-0.001749973;3. De -1% à 1%
60;Oise;2009;11013;4. De 10 000 à 20 000;-0.013348862;2. De -5% à -1%
61;Orne;2009;3248;2. De 3000 à 5000;0.01978022;1. Moins de -5%
62;Pas-de-Calais;2009;19661;4. De 10 000 à 20 000;-0.012109336;2. De -5% à -1%
63;Puy-de-Dôme;2009;6774;3. De 5000 à 10 000;-0.013255645;2. De -5% à -1%
64;Pyrénées-Atlantiques;2009;6652;3. De 5000 à 10 000;0.030518978;4. De 1% à 5%
65;Hautes-Pyrénées;2009;2161;1. De 0 à 3000;0.03150358;4. De 1% à 5%
66;Pyrénées-Orientales;2009;4837;2. De 3000 à 5000;0.017031119;4. De 1% à 5%
67;Bas-Rhin;2009;13218;4. De 10 000 à 20 000;-0.000982541;3. De -1% à 1%
68;Haut-Rhin;2009;8938;3. De 5000 à 10 000;0.003255135;3. De -1% à 1%
69;Rhône;2009;25528;5. Plus de 20 000;0.016242038;4. De 1% à 5%
70;Haute-Saône;2009;2785;1. De 0 à 3000;0.010889292;4. De 1% à 5%
71;Saône-et-Loire;2009;5838;3. De 5000 à 10 000;-0.003754266;3. De -1% à 1%
72;Sarthe;2009;6957;3. De 5000 à 10 000;0.00694746;3. De -1% à 1%
73;Savoie;2009;4863;2. De 3000 à 5000;-0.021726011;3. De -1% à 1%
74;Haute-Savoie;2009;9271;3. De 5000 à 10 000;-0.006643094;3. De -1% à 1%
75;Paris;2009;31063;5. Plus de 20 000;0.014368285;4. De 1% à 5%
76;Seine-Maritime;2009;15947;4. De 10 000 à 20 000;-0.005859984;3. De -1% à 1%
77;Seine-et-Marne;2009;19331;4. De 10 000 à 20 000;0.00472973;3. De -1% à 1%
78;Yvelines;2009;19868;4. De 10 000 à 20 000;-0.001357125;3. De -1% à 1%
79;Deux-Sèvres;2009;4157;2. De 3000 à 5000;-0.040175479;2. De -5% à -1%
80;Somme;2009;6838;3. De 5000 à 10 000;-0.036086834;2. De -5% à -1%
81;Tarn;2009;4030;2. De 3000 à 5000;-0.006410256;3. De -1% à 1%
82;Tarn-et-Garonne;2009;2935;1. De 0 à 3000;0.001023192;3. De -1% à 1%
83;Var;2009;10955;4. De 10 000 à 20 000;-0.015811697;2. De -5% à -1%
84;Vaucluse;2009;7014;3. De 5000 à 10 000;0.002;3. De -1% à 1%
85;Vendée;2009;7718;3. De 5000 à 10 000;0.011666011;4. De 1% à 5%
86;Vienne;2009;4953;2. De 3000 à 5000;0.008963129;3. De -1% à 1%
87;Haute-Vienne;2009;3985;2. De 3000 à 5000;0.024158314;4. De 1% à 5%
88;Vosges;2009;4252;2. De 3000 à 5000;0.008778173;3. De -1% à 1%
89;Yonne;2009;3991;2. De 3000 à 5000;-0.013349815;2. De -5% à -1%
90;Territoire-de-Belfort;2009;1822;1. De 0 à 3000;0.00220022;3. De -1% à 1%
91;Essonne;2009;18040;4. De 10 000 à 20 000;-0.005183633;3. De -1% à 1%
92;Hauts-de-Seine;2009;25192;5. Plus de 20 000;-0.000991395;3. De -1% à 1%
93;Seine-Saint-Denis;2009;28313;5. Plus de 20 000;0.00894448;3. De -1% à 1%
94;Val-de-Marne;2009;21022;5. Plus de 20 000;0.013792438;4. De 1% à 5%
95;Val-d'Oise;2009;18728;4. De 10 000 à 20 000;-0.001758968;3. De -1% à 1%
1;Ain;2010;7282;3. De 5000 à 10 000;0.017465418;4. De 1% à 5%
2;Aisne;2010;7050;3. De 5000 à 10 000;0.015703789;4. De 1% à 5%
3;Allier;2010;3402;2. De 3000 à 5000;0.028415961;4. De 1% à 5%
4;Alpes-de-Haute-Provence;2010;1547;1. De 0 à 3000;0.02247191;4. De 1% à 5%
5;Hautes-Alpes;2010;1470;1. De 0 à 3000;-0.028420357;2. De -5% à -1%
6;Alpes-Maritimes;2010;12257;4. De 10 000 à 20 000;0.025776216;4. De 1% à 5%
7;Ardèche;2010;3380;2. De 3000 à 5000;0.022074388;4. De 1% à 5%
8;Ardennes;2010;3254;2. De 3000 à 5000;-0.017512077;2. De -5% à -1%
9;Ariège;2010;1473;1. De 0 à 3000;0.01446281;4. De 1% à 5%
10;Aube;2010;3722;2. De 3000 à 5000;-0.006141522;3. De -1% à 1%
11;Aude;2010;3770;2. De 3000 à 5000;-0.007110877;3. De -1% à 1%
12;Aveyron;2010;2694;1. De 0 à 3000;0.020454545;4. De 1% à 5%
13;Bouches-du-Rhône;2010;26410;5. Plus de 20 000;0.033780874;4. De 1% à 5%
14;Calvados;2010;8111;3. De 5000 à 10 000;-0.023241811;2. De -5% à -1%
15;Cantal;2010;1274;1. De 0 à 3000;-0.07480029;1. Moins de -5%
16;Charente;2010;3564;2. De 3000 à 5000;0.045774648;4. De 1% à 5%
17;Charente-Maritime;2010;6185;3. De 5000 à 10 000;-0.003865357;3. De -1% à 1%
18;Cher;2010;3341;2. De 3000 à 5000;0.034685661;4. De 1% à 5%
19;Corrèze;2010;2247;1. De 0 à 3000;0.007171672;3. De -1% à 1%
21;Côte-d'Or;2010;5963;3. De 5000 à 10 000;0.018967874;4. De 1% à 5%
22;Côtes-d'Armor;2010;6438;3. De 5000 à 10 000;-0.018447934;2. De -5% à -1%
23;Creuse;2010;919;1. De 0 à 3000;-0.119731801;1. Moins de -5%
24;Dordogne;2010;3665;2. De 3000 à 5000;-0.001906318;3. De -1% à 1%
25;Doubs;2010;7105;3. De 5000 à 10 000;0.027625108;4. De 1% à 5%
26;Drôme;2010;5915;3. De 5000 à 10 000;0.011802942;4. De 1% à 5%
27;Eure;2010;7715;3. De 5000 à 10 000;0.000129634;3. De -1% à 1%
28;Eure-et-Loir;2010;5716;3. De 5000 à 10 000;0.025659429;4. De 1% à 5%
29;Finistère;2010;9823;3. De 5000 à 10 000;0.009246892;3. De -1% à 1%
30;Gard;2010;8494;3. De 5000 à 10 000;0.016758439;4. De 1% à 5%
31;Haute-Garonne;2010;15770;4. De 10 000 à 20 000;0.029574982;4. De 1% à 5%
32;Gers;2010;1671;1. De 0 à 3000;-0.027357392;2. De -5% à -1%
33;Gironde;2010;17271;4. De 10 000 à 20 000;0.011656514;4. De 1% à 5%
34;Hérault;2010;12658;4. De 10 000 à 20 000;0.010134866;4. De 1% à 5%
35;Ille-et-Vilaine;2010;12876;4. De 10 000 à 20 000;-0.003174112;3. De -1% à 1%
36;Indre;2010;2221;1. De 0 à 3000;0.019742883;4. De 1% à 5%
37;Indre-et-Loire;2010;6886;3. De 5000 à 10 000;0.008494435;3. De -1% à 1%
38;Isère;2010;16136;4. De 10 000 à 20 000;0.013822568;4. De 1% à 5%
39;Jura;2010;2865;1. De 0 à 3000;-0.01104591;4. De 1% à 5%
40;Landes;2010;3993;2. De 3000 à 5000;0.020183955;4. De 1% à 5%
41;Loir-et-Cher;2010;3777;2. De 3000 à 5000;-0.002377179;3. De -1% à 1%
42;Loire;2010;9403;3. De 5000 à 10 000;0.024961849;4. De 1% à 5%
43;Haute-Loire;2010;2348;1. De 0 à 3000;-0.017573222;2. De -5% à -1%
44;Loire-Atlantique;2010;17159;4. De 10 000 à 20 000;0.023440296;4. De 1% à 5%
45;Loiret;2010;8757;3. De 5000 à 10 000;0.030356513;4. De 1% à 5%
46;Lot;2010;1506;1. De 0 à 3000;0.049477352;4. De 1% à 5%
47;Lot-et-Garonne;2010;3359;2. De 3000 à 5000;-0.024963716;2. De -5% à -1%
48;Lozère;2010;736;1. De 0 à 3000;-0.077694236;1. Moins de -5%
49;Maine-et-Loire;2010;10312;4. De 10 000 à 20 000;0.014461387;3. De -1% à 1%
50;Manche;2010;5238;3. De 5000 à 10 000;0.001338176;4. De 1% à 5%
51;Marne;2010;7182;3. De 5000 à 10 000;0.017136383;4. De 1% à 5%
52;Haute-Marne;2010;1889;1. De 0 à 3000;-0.028292181;2. De -5% à -1%
53;Mayenne;2010;3962;2. De 3000 à 5000;0.016679497;4. De 1% à 5%
54;Meurthe-et-Moselle;2010;8536;3. De 5000 à 10 000;0.005773536;3. De -1% à 1%
55;Meuse;2010;2221;1. De 0 à 3000;0.0466541;4. De 1% à 5%
56;Morbihan;2010;8029;3. De 5000 à 10 000;0.01095442;4. De 1% à 5%
57;Moselle;2010;11856;4. De 10 000 à 20 000;0.002113093;3. De -1% à 1%
58;Nièvre;2010;1982;1. De 0 à 3000;-0.002014099;3. De -1% à 1%
59;Nord;2010;36703;5. Plus de 20 000;0.005341295;3. De -1% à 1%
60;Oise;2010;10960;4. De 10 000 à 20 000;-0.004812494;3. De -1% à 1%
61;Orne;2010;3192;2. De 3000 à 5000;-0.017241379;2. De -5% à -1%
62;Pas-de-Calais;2010;19784;4. De 10 000 à 20 000;0.00625604;3. De -1% à 1%
63;Puy-de-Dôme;2010;7131;3. De 5000 à 10 000;0.052701506;5. Plus de 5%
64;Pyrénées-Atlantiques;2010;6569;3. De 5000 à 10 000;-0.01247745;2. De -5% à -1%
65;Hautes-Pyrénées;2010;2149;1. De 0 à 3000;-0.005552985;3. De -1% à 1%
66;Pyrénées-Orientales;2010;4869;2. De 3000 à 5000;0.006615671;3. De -1% à 1%
67;Bas-Rhin;2010;13346;4. De 10 000 à 20 000;0.009683765;3. De -1% à 1%
68;Haut-Rhin;2010;9177;3. De 5000 à 10 000;0.026739763;4. De 1% à 5%
69;Rhône;2010;25973;5. Plus de 20 000;0.01743184;4. De 1% à 5%
70;Haute-Saône;2010;2761;1. De 0 à 3000;-0.008617594;3. De -1% à 1%
71;Saône-et-Loire;2010;5865;3. De 5000 à 10 000;0.004624872;3. De -1% à 1%
72;Sarthe;2010;6942;3. De 5000 à 10 000;-0.002156102;3. De -1% à 1%
73;Savoie;2010;5074;3. De 5000 à 10 000;0.043388855;3. De -1% à 1%
74;Haute-Savoie;2010;9521;3. De 5000 à 10 000;0.026965807;4. De 1% à 5%
75;Paris;2010;31447;5. Plus de 20 000;0.012361974;4. De 1% à 5%
76;Seine-Maritime;2010;16338;4. De 10 000 à 20 000;0.024518718;4. De 1% à 5%
77;Seine-et-Marne;2010;19712;4. De 10 000 à 20 000;0.019709275;4. De 1% à 5%
78;Yvelines;2010;20312;5. Plus de 20 000;0.022347493;2. De -5% à -1%
79;Deux-Sèvres;2010;4060;2. De 3000 à 5000;-0.023334135;2. De -5% à -1%
80;Somme;2010;7103;3. De 5000 à 10 000;0.038754022;4. De 1% à 5%
81;Tarn;2010;3925;2. De 3000 à 5000;-0.026054591;2. De -5% à -1%
82;Tarn-et-Garonne;2010;2926;1. De 0 à 3000;-0.00306644;3. De -1% à 1%
83;Var;2010;11159;4. De 10 000 à 20 000;0.018621634;4. De 1% à 5%
84;Vaucluse;2010;6967;3. De 5000 à 10 000;-0.006700884;3. De -1% à 1%
85;Vendée;2010;7601;3. De 5000 à 10 000;-0.015159368;2. De -5% à -1%
86;Vienne;2010;5006;3. De 5000 à 10 000;0.010700586;3. De -1% à 1%
87;Haute-Vienne;2010;3848;2. De 3000 à 5000;-0.034378921;2. De -5% à -1%
88;Vosges;2010;4057;2. De 3000 à 5000;-0.045860771;2. De -5% à -1%
89;Yonne;2010;3842;2. De 3000 à 5000;-0.037334002;2. De -5% à -1%
90;Territoire-de-Belfort;2010;1802;1. De 0 à 3000;-0.010976948;2. De -5% à -1%
91;Essonne;2010;18509;4. De 10 000 à 20 000;0.025997783;4. De 1% à 5%
92;Hauts-de-Seine;2010;25194;5. Plus de 20 000;7.93903E-05;3. De -1% à 1%
93;Seine-Saint-Denis;2010;28513;5. Plus de 20 000;0.007063893;3. De -1% à 1%
94;Val-de-Marne;2010;21391;5. Plus de 20 000;0.01755304;4. De 1% à 5%
95;Val-d'Oise;2010;19506;4. De 10 000 à 20 000;0.041542076;4. De 1% à 5%
1;Ain;2011;7265;3. De 5000 à 10 000;-0.002334523;3. De -1% à 1%
2;Aisne;2011;6939;3. De 5000 à 10 000;-0.015744681;2. De -5% à -1%
3;Allier;2011;3196;2. De 3000 à 5000;-0.060552616;1. Moins de -5%
4;Alpes-de-Haute-Provence;2011;1578;1. De 0 à 3000;0.020038785;4. De 1% à 5%
5;Hautes-Alpes;2011;1399;1. De 0 à 3000;-0.04829932;2. De -5% à -1%
6;Alpes-Maritimes;2011;11999;4. De 10 000 à 20 000;-0.021049196;2. De -5% à -1%
7;Ardèche;2011;3360;2. De 3000 à 5000;-0.00591716;3. De -1% à 1%
8;Ardennes;2011;3137;2. De 3000 à 5000;-0.035955747;4. De 1% à 5%
9;Ariège;2011;1404;1. De 0 à 3000;-0.046843177;2. De -5% à -1%
10;Aube;2011;3635;2. De 3000 à 5000;-0.02337453;2. De -5% à -1%
11;Aude;2011;3789;2. De 3000 à 5000;0.005039788;3. De -1% à 1%
12;Aveyron;2011;2682;1. De 0 à 3000;-0.004454343;3. De -1% à 1%
13;Bouches-du-Rhône;2011;25889;5. Plus de 20 000;-0.019727376;2. De -5% à -1%
14;Calvados;2011;8041;3. De 5000 à 10 000;-0.008630255;3. De -1% à 1%
15;Cantal;2011;1237;1. De 0 à 3000;-0.029042386;2. De -5% à -1%
16;Charente;2011;3459;2. De 3000 à 5000;-0.029461279;2. De -5% à -1%
17;Charente-Maritime;2011;6065;3. De 5000 à 10 000;-0.019401778;2. De -5% à -1%
18;Cher;2011;3159;2. De 3000 à 5000;-0.054474708;1. Moins de -5%
19;Corrèze;2011;2196;1. De 0 à 3000;-0.022696929;2. De -5% à -1%
21;Côte-d'Or;2011;5906;3. De 5000 à 10 000;-0.009558947;3. De -1% à 1%
22;Côtes-d'Armor;2011;6221;3. De 5000 à 10 000;-0.03370612;2. De -5% à -1%
23;Creuse;2011;967;1. De 0 à 3000;0.052230686;5. Plus de 5%
24;Dordogne;2011;3645;2. De 3000 à 5000;-0.005457026;3. De -1% à 1%
25;Doubs;2011;6826;3. De 5000 à 10 000;-0.039268121;2. De -5% à -1%
26;Drôme;2011;5978;3. De 5000 à 10 000;0.010650888;4. De 1% à 5%
27;Eure;2011;7738;3. De 5000 à 10 000;0.002981205;3. De -1% à 1%
28;Eure-et-Loir;2011;5540;3. De 5000 à 10 000;-0.030790763;2. De -5% à -1%
29;Finistère;2011;9615;3. De 5000 à 10 000;-0.021174794;2. De -5% à -1%
30;Gard;2011;8467;3. De 5000 à 10 000;-0.003178714;3. De -1% à 1%
31;Haute-Garonne;2011;16031;4. De 10 000 à 20 000;0.016550412;4. De 1% à 5%
32;Gers;2011;1587;1. De 0 à 3000;-0.0502693;1. Moins de -5%
33;Gironde;2011;17098;4. De 10 000 à 20 000;-0.010016791;2. De -5% à -1%
34;Hérault;2011;13000;4. De 10 000 à 20 000;0.027018486;4. De 1% à 5%
35;Ille-et-Vilaine;2011;13033;4. De 10 000 à 20 000;0.012193228;4. De 1% à 5%
36;Indre;2011;2137;1. De 0 à 3000;-0.037820801;2. De -5% à -1%
37;Indre-et-Loire;2011;6696;3. De 5000 à 10 000;-0.027592216;2. De -5% à -1%
38;Isère;2011;15739;4. De 10 000 à 20 000;-0.024603371;2. De -5% à -1%
39;Jura;2011;2758;1. De 0 à 3000;-0.037347295;3. De -1% à 1%
40;Landes;2011;3853;2. De 3000 à 5000;-0.035061357;2. De -5% à -1%
41;Loir-et-Cher;2011;3667;2. De 3000 à 5000;-0.029123643;2. De -5% à -1%
42;Loire;2011;9357;3. De 5000 à 10 000;-0.004892056;3. De -1% à 1%
43;Haute-Loire;2011;2300;1. De 0 à 3000;-0.02044293;2. De -5% à -1%
44;Loire-Atlantique;2011;16747;4. De 10 000 à 20 000;-0.024010723;2. De -5% à -1%
45;Loiret;2011;8686;3. De 5000 à 10 000;-0.008107799;3. De -1% à 1%
46;Lot;2011;1423;1. De 0 à 3000;-0.055112882;1. Moins de -5%
47;Lot-et-Garonne;2011;3397;2. De 3000 à 5000;0.011312891;4. De 1% à 5%
48;Lozère;2011;695;1. De 0 à 3000;-0.055706522;1. Moins de -5%
49;Maine-et-Loire;2011;10320;4. De 10 000 à 20 000;0.000775795;2. De -5% à -1%
50;Manche;2011;5193;3. De 5000 à 10 000;-0.008591065;1. Moins de -5%
51;Marne;2011;7070;3. De 5000 à 10 000;-0.015594542;2. De -5% à -1%
52;Haute-Marne;2011;1916;1. De 0 à 3000;0.014293277;4. De 1% à 5%
53;Mayenne;2011;3733;2. De 3000 à 5000;-0.057799091;1. Moins de -5%
54;Meurthe-et-Moselle;2011;8499;3. De 5000 à 10 000;-0.004334583;3. De -1% à 1%
55;Meuse;2011;2119;1. De 0 à 3000;-0.045925259;2. De -5% à -1%
56;Morbihan;2011;7894;3. De 5000 à 10 000;-0.016814049;2. De -5% à -1%
57;Moselle;2011;11474;4. De 10 000 à 20 000;-0.032219973;2. De -5% à -1%
58;Nièvre;2011;1999;1. De 0 à 3000;0.008577195;3. De -1% à 1%
59;Nord;2011;36678;5. Plus de 20 000;-0.000681143;3. De -1% à 1%
60;Oise;2011;11032;4. De 10 000 à 20 000;0.006569343;3. De -1% à 1%
61;Orne;2011;3105;2. De 3000 à 5000;-0.027255639;3. De -1% à 1%
62;Pas-de-Calais;2011;19720;4. De 10 000 à 20 000;-0.003234937;3. De -1% à 1%
63;Puy-de-Dôme;2011;6828;3. De 5000 à 10 000;-0.042490534;2. De -5% à -1%
64;Pyrénées-Atlantiques;2011;6459;3. De 5000 à 10 000;-0.016745319;2. De -5% à -1%
65;Hautes-Pyrénées;2011;2110;1. De 0 à 3000;-0.018147976;2. De -5% à -1%
66;Pyrénées-Orientales;2011;4843;2. De 3000 à 5000;-0.005339906;3. De -1% à 1%
67;Bas-Rhin;2011;13030;4. De 10 000 à 20 000;-0.023677506;2. De -5% à -1%
68;Haut-Rhin;2011;8927;3. De 5000 à 10 000;-0.027242018;2. De -5% à -1%
69;Rhône;2011;25921;5. Plus de 20 000;-0.002002079;3. De -1% à 1%
70;Haute-Saône;2011;2643;1. De 0 à 3000;-0.042738138;2. De -5% à -1%
71;Saône-et-Loire;2011;5811;3. De 5000 à 10 000;-0.009207161;3. De -1% à 1%
72;Sarthe;2011;6810;3. De 5000 à 10 000;-0.019014693;2. De -5% à -1%
73;Savoie;2011;4917;2. De 3000 à 5000;-0.030942058;2. De -5% à -1%
74;Haute-Savoie;2011;9476;3. De 5000 à 10 000;-0.004726394;3. De -1% à 1%
75;Paris;2011;30094;5. Plus de 20 000;-0.043024772;2. De -5% à -1%
76;Seine-Maritime;2011;16146;4. De 10 000 à 20 000;-0.011751744;2. De -5% à -1%
77;Seine-et-Marne;2011;19824;4. De 10 000 à 20 000;0.005681818;3. De -1% à 1%
78;Yvelines;2011;19886;4. De 10 000 à 20 000;-0.020972824;3. De -1% à 1%
79;Deux-Sèvres;2011;4006;2. De 3000 à 5000;-0.013300493;2. De -5% à -1%
80;Somme;2011;6989;3. De 5000 à 10 000;-0.016049557;2. De -5% à -1%
81;Tarn;2011;4006;2. De 3000 à 5000;0.020636943;4. De 1% à 5%
82;Tarn-et-Garonne;2011;2978;1. De 0 à 3000;0.017771702;4. De 1% à 5%
83;Var;2011;11146;4. De 10 000 à 20 000;-0.001164979;3. De -1% à 1%
84;Vaucluse;2011;7008;3. De 5000 à 10 000;0.005884886;3. De -1% à 1%
85;Vendée;2011;7442;3. De 5000 à 10 000;-0.0209183;2. De -5% à -1%
86;Vienne;2011;4885;2. De 3000 à 5000;-0.024170995;4. De 1% à 5%
87;Haute-Vienne;2011;3907;2. De 3000 à 5000;0.01533264;4. De 1% à 5%
88;Vosges;2011;3883;2. De 3000 à 5000;-0.042888834;2. De -5% à -1%
89;Yonne;2011;3699;2. De 3000 à 5000;-0.037220198;2. De -5% à -1%
90;Territoire-de-Belfort;2011;1794;1. De 0 à 3000;-0.004439512;3. De -1% à 1%
91;Essonne;2011;18493;4. De 10 000 à 20 000;-0.000864444;3. De -1% à 1%
92;Hauts-de-Seine;2011;25083;5. Plus de 20 000;-0.004405811;3. De -1% à 1%
93;Seine-Saint-Denis;2011;28362;5. Plus de 20 000;-0.00529583;3. De -1% à 1%
94;Val-de-Marne;2011;20991;5. Plus de 20 000;-0.018699453;2. De -5% à -1%
95;Val-d'Oise;2011;19551;4. De 10 000 à 20 000;0.002306982;3. De -1% à 1%
1;Ain;2012;7242;3. De 5000 à 10 000;-0.003165864;3. De -1% à 1%
2;Aisne;2012;6755;3. De 5000 à 10 000;-0.026516789;2. De -5% à -1%
3;Allier;2012;3288;2. De 3000 à 5000;0.028785982;4. De 1% à 5%
4;Alpes-de-Haute-Provence;2012;1561;1. De 0 à 3000;-0.010773131;2. De -5% à -1%
5;Hautes-Alpes;2012;1441;1. De 0 à 3000;0.030021444;4. De 1% à 5%
6;Alpes-Maritimes;2012;12087;4. De 10 000 à 20 000;0.007333944;3. De -1% à 1%
7;Ardèche;2012;3405;2. De 3000 à 5000;0.013392857;4. De 1% à 5%
8;Ardennes;2012;3258;2. De 3000 à 5000;0.038571884;1. Moins de -5%
9;Ariège;2012;1425;1. De 0 à 3000;0.014957265;4. De 1% à 5%
10;Aube;2012;3587;2. De 3000 à 5000;-0.013204952;2. De -5% à -1%
11;Aude;2012;3669;2. De 3000 à 5000;-0.031670625;2. De -5% à -1%
12;Aveyron;2012;2615;1. De 0 à 3000;-0.024981357;2. De -5% à -1%
13;Bouches-du-Rhône;2012;26328;5. Plus de 20 000;0.016957009;4. De 1% à 5%
14;Calvados;2012;7833;3. De 5000 à 10 000;-0.025867429;2. De -5% à -1%
15;Cantal;2012;1230;1. De 0 à 3000;-0.005658852;3. De -1% à 1%
16;Charente;2012;3490;2. De 3000 à 5000;0.008962128;3. De -1% à 1%
17;Charente-Maritime;2012;5916;3. De 5000 à 10 000;-0.024567189;2. De -5% à -1%
18;Cher;2012;3120;2. De 3000 à 5000;-0.012345679;2. De -5% à -1%
19;Corrèze;2012;2163;1. De 0 à 3000;-0.015027322;2. De -5% à -1%
21;Côte-d'Or;2012;5905;3. De 5000 à 10 000;-0.000169319;3. De -1% à 1%
22;Côtes-d'Armor;2012;6184;3. De 5000 à 10 000;-0.005947597;3. De -1% à 1%
23;Creuse;2012;998;1. De 0 à 3000;0.032057911;4. De 1% à 5%
24;Dordogne;2012;3547;2. De 3000 à 5000;-0.026886145;2. De -5% à -1%
25;Doubs;2012;6778;3. De 5000 à 10 000;-0.007031937;3. De -1% à 1%
26;Drôme;2012;5912;3. De 5000 à 10 000;-0.011040482;2. De -5% à -1%
27;Eure;2012;7676;3. De 5000 à 10 000;-0.008012406;3. De -1% à 1%
28;Eure-et-Loir;2012;5548;3. De 5000 à 10 000;0.001444043;3. De -1% à 1%
29;Finistère;2012;9597;3. De 5000 à 10 000;-0.001872075;3. De -1% à 1%
30;Gard;2012;8196;3. De 5000 à 10 000;-0.032006614;2. De -5% à -1%
31;Haute-Garonne;2012;16347;4. De 10 000 à 20 000;0.019711808;4. De 1% à 5%
32;Gers;2012;1668;1. De 0 à 3000;0.051039698;5. Plus de 5%
33;Gironde;2012;17097;4. De 10 000 à 20 000;-5.84864E-05;3. De -1% à 1%
34;Hérault;2012;12902;4. De 10 000 à 20 000;-0.007538462;3. De -1% à 1%
35;Ille-et-Vilaine;2012;12892;4. De 10 000 à 20 000;-0.010818691;2. De -5% à -1%
36;Indre;2012;2136;1. De 0 à 3000;-0.000467946;3. De -1% à 1%
37;Indre-et-Loire;2012;6796;3. De 5000 à 10 000;0.014934289;4. De 1% à 5%
38;Isère;2012;15948;4. De 10 000 à 20 000;0.013279116;4. De 1% à 5%
39;Jura;2012;2741;1. De 0 à 3000;-0.006163887;3. De -1% à 1%
40;Landes;2012;3880;2. De 3000 à 5000;0.007007527;3. De -1% à 1%
41;Loir-et-Cher;2012;3704;2. De 3000 à 5000;0.010089992;4. De 1% à 5%
42;Loire;2012;9473;3. De 5000 à 10 000;0.012397136;4. De 1% à 5%
43;Haute-Loire;2012;2244;1. De 0 à 3000;-0.024347826;2. De -5% à -1%
44;Loire-Atlantique;2012;16821;4. De 10 000 à 20 000;0.004418702;3. De -1% à 1%
45;Loiret;2012;8689;3. De 5000 à 10 000;0.000345383;3. De -1% à 1%
46;Lot;2012;1487;1. De 0 à 3000;0.044975404;4. De 1% à 5%
47;Lot-et-Garonne;2012;3332;2. De 3000 à 5000;-0.01913453;2. De -5% à -1%
48;Lozère;2012;711;1. De 0 à 3000;0.023021583;4. De 1% à 5%
49;Maine-et-Loire;2012;10061;4. De 10 000 à 20 000;-0.025096899;3. De -1% à 1%
50;Manche;2012;5282;3. De 5000 à 10 000;0.017138456;2. De -5% à -1%
51;Marne;2012;6761;3. De 5000 à 10 000;-0.043705799;2. De -5% à -1%
52;Haute-Marne;2012;1847;1. De 0 à 3000;-0.036012526;2. De -5% à -1%
53;Mayenne;2012;3750;2. De 3000 à 5000;0.004553978;3. De -1% à 1%
54;Meurthe-et-Moselle;2012;8387;3. De 5000 à 10 000;-0.013178021;2. De -5% à -1%
55;Meuse;2012;2107;1. De 0 à 3000;-0.005663049;3. De -1% à 1%
56;Morbihan;2012;7909;3. De 5000 à 10 000;0.001900177;3. De -1% à 1%
57;Moselle;2012;11579;4. De 10 000 à 20 000;0.009151124;3. De -1% à 1%
58;Nièvre;2012;1942;1. De 0 à 3000;-0.028514257;2. De -5% à -1%
59;Nord;2012;36513;5. Plus de 20 000;-0.00449861;3. De -1% à 1%
60;Oise;2012;10941;4. De 10 000 à 20 000;-0.008248731;3. De -1% à 1%
61;Orne;2012;2933;1. De 0 à 3000;-0.055394525;2. De -5% à -1%
62;Pas-de-Calais;2012;19017;4. De 10 000 à 20 000;-0.035649087;2. De -5% à -1%
63;Puy-de-Dôme;2012;6933;3. De 5000 à 10 000;0.015377856;4. De 1% à 5%
64;Pyrénées-Atlantiques;2012;6490;3. De 5000 à 10 000;0.004799505;3. De -1% à 1%
65;Hautes-Pyrénées;2012;2201;1. De 0 à 3000;0.043127962;4. De 1% à 5%
66;Pyrénées-Orientales;2012;4943;2. De 3000 à 5000;0.020648358;4. De 1% à 5%
67;Bas-Rhin;2012;12895;4. De 10 000 à 20 000;-0.010360706;2. De -5% à -1%
68;Haut-Rhin;2012;8818;3. De 5000 à 10 000;-0.012210149;2. De -5% à -1%
69;Rhône;2012;26294;5. Plus de 20 000;0.014389877;4. De 1% à 5%
70;Haute-Saône;2012;2609;1. De 0 à 3000;-0.01286417;2. De -5% à -1%
71;Saône-et-Loire;2012;5752;3. De 5000 à 10 000;-0.010153158;2. De -5% à -1%
72;Sarthe;2012;6703;3. De 5000 à 10 000;-0.015712188;2. De -5% à -1%
73;Savoie;2012;4786;2. De 3000 à 5000;-0.026642262;4. De 1% à 5%
74;Haute-Savoie;2012;9829;3. De 5000 à 10 000;0.037252005;4. De 1% à 5%
75;Paris;2012;29291;5. Plus de 20 000;-0.02668306;2. De -5% à -1%
76;Seine-Maritime;2012;16014;4. De 10 000 à 20 000;-0.008175399;3. De -1% à 1%
77;Seine-et-Marne;2012;19678;4. De 10 000 à 20 000;-0.00736481;3. De -1% à 1%
78;Yvelines;2012;19827;4. De 10 000 à 20 000;-0.002966911;4. De 1% à 5%
79;Deux-Sèvres;2012;4029;2. De 3000 à 5000;0.005741388;3. De -1% à 1%
80;Somme;2012;6843;3. De 5000 à 10 000;-0.02088997;2. De -5% à -1%
81;Tarn;2012;3939;2. De 3000 à 5000;-0.016724913;2. De -5% à -1%
82;Tarn-et-Garonne;2012;2940;1. De 0 à 3000;-0.012760242;2. De -5% à -1%
83;Var;2012;11240;4. De 10 000 à 20 000;0.008433519;3. De -1% à 1%
84;Vaucluse;2012;7107;3. De 5000 à 10 000;0.014126712;4. De 1% à 5%
85;Vendée;2012;7436;3. De 5000 à 10 000;-0.000806235;3. De -1% à 1%
86;Vienne;2012;4880;2. De 3000 à 5000;-0.001023541;2. De -5% à -1%
87;Haute-Vienne;2012;3825;2. De 3000 à 5000;-0.02098797;2. De -5% à -1%
88;Vosges;2012;3715;2. De 3000 à 5000;-0.043265516;2. De -5% à -1%
89;Yonne;2012;3729;2. De 3000 à 5000;0.0081103;3. De -1% à 1%
90;Territoire-de-Belfort;2012;1763;1. De 0 à 3000;-0.017279822;2. De -5% à -1%
91;Essonne;2012;18506;4. De 10 000 à 20 000;0.000702969;3. De -1% à 1%
92;Hauts-de-Seine;2012;24790;5. Plus de 20 000;-0.011681218;2. De -5% à -1%
93;Seine-Saint-Denis;2012;28675;5. Plus de 20 000;0.011035893;4. De 1% à 5%
94;Val-de-Marne;2012;20967;5. Plus de 20 000;-0.001143347;3. De -1% à 1%
95;Val-d'Oise;2012;19495;4. De 10 000 à 20 000;-0.002864304;3. De -1% à 1%
1;Ain;2013;7296;3. De 5000 à 10 000;0.007456504;3. De -1% à 1%
2;Aisne;2013;6559;3. De 5000 à 10 000;-0.029015544;2. De -5% à -1%
3;Allier;2013;3198;2. De 3000 à 5000;-0.027372263;2. De -5% à -1%
4;Alpes-de-Haute-Provence;2013;1629;1. De 0 à 3000;0.043561819;4. De 1% à 5%
5;Hautes-Alpes;2013;1406;1. De 0 à 3000;-0.024288688;2. De -5% à -1%
6;Alpes-Maritimes;2013;12149;4. De 10 000 à 20 000;0.005129478;3. De -1% à 1%
7;Ardèche;2013;3179;2. De 3000 à 5000;-0.066372981;1. Moins de -5%
8;Ardennes;2013;3021;2. De 3000 à 5000;-0.072744015;2. De -5% à -1%
9;Ariège;2013;1413;1. De 0 à 3000;-0.008421053;3. De -1% à 1%
10;Aube;2013;3436;2. De 3000 à 5000;-0.042096459;2. De -5% à -1%
11;Aude;2013;3618;2. De 3000 à 5000;-0.013900245;2. De -5% à -1%
12;Aveyron;2013;2475;1. De 0 à 3000;-0.053537285;1. Moins de -5%
13;Bouches-du-Rhône;2013;26762;5. Plus de 20 000;0.016484351;4. De 1% à 5%
14;Calvados;2013;7644;3. De 5000 à 10 000;-0.024128686;2. De -5% à -1%
15;Cantal;2013;1290;1. De 0 à 3000;0.048780488;4. De 1% à 5%
16;Charente;2013;3472;2. De 3000 à 5000;-0.005157593;3. De -1% à 1%
17;Charente-Maritime;2013;5778;3. De 5000 à 10 000;-0.023326572;2. De -5% à -1%
18;Cher;2013;3128;2. De 3000 à 5000;0.002564103;3. De -1% à 1%
19;Corrèze;2013;2055;1. De 0 à 3000;-0.049930652;2. De -5% à -1%
21;Côte-d'Or;2013;5769;3. De 5000 à 10 000;-0.023031329;2. De -5% à -1%
22;Côtes-d'Armor;2013;5927;3. De 5000 à 10 000;-0.041558862;2. De -5% à -1%
23;Creuse;2013;897;1. De 0 à 3000;-0.101202405;1. Moins de -5%
24;Dordogne;2013;3486;2. De 3000 à 5000;-0.017197632;2. De -5% à -1%
25;Doubs;2013;6732;3. De 5000 à 10 000;-0.006786663;3. De -1% à 1%
26;Drôme;2013;6026;3. De 5000 à 10 000;0.019282815;4. De 1% à 5%
27;Eure;2013;7352;3. De 5000 à 10 000;-0.042209484;2. De -5% à -1%
28;Eure-et-Loir;2013;5312;3. De 5000 à 10 000;-0.042537851;2. De -5% à -1%
29;Finistère;2013;9277;3. De 5000 à 10 000;-0.033343753;2. De -5% à -1%
30;Gard;2013;8427;3. De 5000 à 10 000;0.02818448;4. De 1% à 5%
31;Haute-Garonne;2013;16290;4. De 10 000 à 20 000;-0.003486878;3. De -1% à 1%
32;Gers;2013;1648;1. De 0 à 3000;-0.011990408;2. De -5% à -1%
33;Gironde;2013;17265;4. De 10 000 à 20 000;0.009826285;3. De -1% à 1%
34;Hérault;2013;12899;4. De 10 000 à 20 000;-0.000232522;3. De -1% à 1%
35;Ille-et-Vilaine;2013;12729;4. De 10 000 à 20 000;-0.0126435;2. De -5% à -1%
36;Indre;2013;2006;1. De 0 à 3000;-0.060861423;1. Moins de -5%
37;Indre-et-Loire;2013;6594;3. De 5000 à 10 000;-0.029723367;2. De -5% à -1%
38;Isère;2013;15724;4. De 10 000 à 20 000;-0.014045648;2. De -5% à -1%
39;Jura;2013;2675;1. De 0 à 3000;-0.024078803;2. De -5% à -1%
40;Landes;2013;3864;2. De 3000 à 5000;-0.004123711;3. De -1% à 1%
41;Loir-et-Cher;2013;3581;2. De 3000 à 5000;-0.033207343;2. De -5% à -1%
42;Loire;2013;9086;3. De 5000 à 10 000;-0.04085295;2. De -5% à -1%
43;Haute-Loire;2013;2247;1. De 0 à 3000;0.001336898;3. De -1% à 1%
44;Loire-Atlantique;2013;16822;4. De 10 000 à 20 000;5.94495E-05;3. De -1% à 1%
45;Loiret;2013;8526;3. De 5000 à 10 000;-0.018759351;2. De -5% à -1%
46;Lot;2013;1345;1. De 0 à 3000;-0.095494284;1. Moins de -5%
47;Lot-et-Garonne;2013;3361;2. De 3000 à 5000;0.008703481;3. De -1% à 1%
48;Lozère;2013;663;1. De 0 à 3000;-0.067510549;1. Moins de -5%
49;Maine-et-Loire;2013;10016;4. De 10 000 à 20 000;-0.004472716;2. De -5% à -1%
50;Manche;2013;4998;2. De 3000 à 5000;-0.053767512;3. De -1% à 1%
51;Marne;2013;7000;3. De 5000 à 10 000;0.0353498;4. De 1% à 5%
52;Haute-Marne;2013;1923;1. De 0 à 3000;0.041147807;4. De 1% à 5%
53;Mayenne;2013;3656;2. De 3000 à 5000;-0.025066667;2. De -5% à -1%
54;Meurthe-et-Moselle;2013;8197;3. De 5000 à 10 000;-0.022654108;2. De -5% à -1%
55;Meuse;2013;2070;1. De 0 à 3000;-0.017560513;2. De -5% à -1%
56;Morbihan;2013;7645;3. De 5000 à 10 000;-0.033379694;2. De -5% à -1%
57;Moselle;2013;11421;4. De 10 000 à 20 000;-0.013645393;2. De -5% à -1%
58;Nièvre;2013;1850;1. De 0 à 3000;-0.047373841;2. De -5% à -1%
59;Nord;2013;36354;5. Plus de 20 000;-0.004354613;3. De -1% à 1%
60;Oise;2013;10814;4. De 10 000 à 20 000;-0.011607714;2. De -5% à -1%
61;Orne;2013;2834;1. De 0 à 3000;-0.033753836;2. De -5% à -1%
62;Pas-de-Calais;2013;19054;4. De 10 000 à 20 000;0.001945628;3. De -1% à 1%
63;Puy-de-Dôme;2013;6699;3. De 5000 à 10 000;-0.033751623;2. De -5% à -1%
64;Pyrénées-Atlantiques;2013;6269;3. De 5000 à 10 000;-0.034052388;2. De -5% à -1%
65;Hautes-Pyrénées;2013;2057;1. De 0 à 3000;-0.065424807;1. Moins de -5%
66;Pyrénées-Orientales;2013;4914;2. De 3000 à 5000;-0.005866882;3. De -1% à 1%
67;Bas-Rhin;2013;13043;4. De 10 000 à 20 000;0.011477317;4. De 1% à 5%
68;Haut-Rhin;2013;8713;3. De 5000 à 10 000;-0.011907462;2. De -5% à -1%
69;Rhône;2013;25914;5. Plus de 20 000;-0.014451966;2. De -5% à -1%
70;Haute-Saône;2013;2510;1. De 0 à 3000;-0.037945573;2. De -5% à -1%
71;Saône-et-Loire;2013;5514;3. De 5000 à 10 000;-0.041376912;2. De -5% à -1%
72;Sarthe;2013;6645;3. De 5000 à 10 000;-0.008652842;3. De -1% à 1%
73;Savoie;2013;4762;2. De 3000 à 5000;-0.005014626;2. De -5% à -1%
74;Haute-Savoie;2013;9893;3. De 5000 à 10 000;0.006511344;3. De -1% à 1%
75;Paris;2013;28945;5. Plus de 20 000;-0.011812502;2. De -5% à -1%
76;Seine-Maritime;2013;15574;4. De 10 000 à 20 000;-0.027475959;2. De -5% à -1%
77;Seine-et-Marne;2013;19331;4. De 10 000 à 20 000;-0.017633906;2. De -5% à -1%
78;Yvelines;2013;19886;4. De 10 000 à 20 000;0.00297574;2. De -5% à -1%
79;Deux-Sèvres;2013;3986;2. De 3000 à 5000;-0.010672623;2. De -5% à -1%
80;Somme;2013;6743;3. De 5000 à 10 000;-0.014613474;2. De -5% à -1%
81;Tarn;2013;3829;2. De 3000 à 5000;-0.02792587;2. De -5% à -1%
82;Tarn-et-Garonne;2013;2827;1. De 0 à 3000;-0.038435374;2. De -5% à -1%
83;Var;2013;10917;4. De 10 000 à 20 000;-0.028736655;2. De -5% à -1%
84;Vaucluse;2013;7171;3. De 5000 à 10 000;0.009005206;3. De -1% à 1%
85;Vendée;2013;7164;3. De 5000 à 10 000;-0.036578806;2. De -5% à -1%
86;Vienne;2013;4708;2. De 3000 à 5000;-0.035245902;3. De -1% à 1%
87;Haute-Vienne;2013;3723;2. De 3000 à 5000;-0.026666667;2. De -5% à -1%
88;Vosges;2013;3796;2. De 3000 à 5000;0.021803499;4. De 1% à 5%
89;Yonne;2013;3780;2. De 3000 à 5000;0.013676589;4. De 1% à 5%
90;Territoire-de-Belfort;2013;1675;1. De 0 à 3000;-0.049914918;2. De -5% à -1%
91;Essonne;2013;18510;4. De 10 000 à 20 000;0.000216146;3. De -1% à 1%
92;Hauts-de-Seine;2013;24614;5. Plus de 20 000;-0.007099637;3. De -1% à 1%
93;Seine-Saint-Denis;2013;28687;5. Plus de 20 000;0.000418483;3. De -1% à 1%
94;Val-de-Marne;2013;20748;5. Plus de 20 000;-0.010444985;2. De -5% à -1%
95;Val-d'Oise;2013;19550;4. De 10 000 à 20 000;0.002821236;3. De -1% à 1%
1;Ain;2014;7354;3. De 5000 à 10 000;0.007949561;3. De -1% à 1%
2;Aisne;2014;6468;3. De 5000 à 10 000;-0.013874066;2. De -5% à -1%
3;Allier;2014;3152;2. De 3000 à 5000;-0.01438399;2. De -5% à -1%
4;Alpes-de-Haute-Provence;2014;1538;1. De 0 à 3000;-0.055862492;1. Moins de -5%
5;Hautes-Alpes;2014;1383;1. De 0 à 3000;-0.016358464;2. De -5% à -1%
6;Alpes-Maritimes;2014;12170;4. De 10 000 à 20 000;0.001728537;3. De -1% à 1%
7;Ardèche;2014;3254;2. De 3000 à 5000;0.023592325;4. De 1% à 5%
8;Ardennes;2014;2966;1. De 0 à 3000;-0.018205892;2. De -5% à -1%
9;Ariège;2014;1364;1. De 0 à 3000;-0.03467799;2. De -5% à -1%
10;Aube;2014;3377;2. De 3000 à 5000;-0.017171129;2. De -5% à -1%
11;Aude;2014;3516;2. De 3000 à 5000;-0.028192371;2. De -5% à -1%
12;Aveyron;2014;2555;1. De 0 à 3000;0.032323232;4. De 1% à 5%
13;Bouches-du-Rhône;2014;26384;5. Plus de 20 000;-0.014124505;2. De -5% à -1%
14;Calvados;2014;7466;3. De 5000 à 10 000;-0.023286238;2. De -5% à -1%
15;Cantal;2014;1214;1. De 0 à 3000;-0.058914729;1. Moins de -5%
16;Charente;2014;3378;2. De 3000 à 5000;-0.027073733;2. De -5% à -1%
17;Charente-Maritime;2014;5846;3. De 5000 à 10 000;0.011768778;4. De 1% à 5%
18;Cher;2014;3097;2. De 3000 à 5000;-0.009910486;3. De -1% à 1%
19;Corrèze;2014;2094;1. De 0 à 3000;0.018978102;4. De 1% à 5%
21;Côte-d'Or;2014;5779;3. De 5000 à 10 000;0.001733403;3. De -1% à 1%
22;Côtes-d'Armor;2014;5790;3. De 5000 à 10 000;-0.02311456;2. De -5% à -1%
23;Creuse;2014;879;1. De 0 à 3000;-0.02006689;2. De -5% à -1%
24;Dordogne;2014;3479;2. De 3000 à 5000;-0.002008032;3. De -1% à 1%
25;Doubs;2014;6659;3. De 5000 à 10 000;-0.010843731;2. De -5% à -1%
26;Drôme;2014;5965;3. De 5000 à 10 000;-0.010122801;2. De -5% à -1%
27;Eure;2014;7242;3. De 5000 à 10 000;-0.014961915;2. De -5% à -1%
28;Eure-et-Loir;2014;5295;3. De 5000 à 10 000;-0.003200301;3. De -1% à 1%
29;Finistère;2014;9088;3. De 5000 à 10 000;-0.020372965;3. De -1% à 1%
30;Gard;2014;8216;3. De 5000 à 10 000;-0.025038567;2. De -5% à -1%
31;Haute-Garonne;2014;16641;4. De 10 000 à 20 000;0.021546961;4. De 1% à 5%
32;Gers;2014;1643;1. De 0 à 3000;-0.003033981;3. De -1% à 1%
33;Gironde;2014;17303;4. De 10 000 à 20 000;0.002200985;3. De -1% à 1%
34;Hérault;2014;13008;4. De 10 000 à 20 000;0.008450267;3. De -1% à 1%
35;Ille-et-Vilaine;2014;12555;4. De 10 000 à 20 000;-0.013669573;2. De -5% à -1%
36;Indre;2014;2030;1. De 0 à 3000;0.011964108;4. De 1% à 5%
37;Indre-et-Loire;2014;6718;3. De 5000 à 10 000;0.018804974;4. De 1% à 5%
38;Isère;2014;15664;4. De 10 000 à 20 000;-0.003815823;3. De -1% à 1%
39;Jura;2014;2637;1. De 0 à 3000;-0.014205607;2. De -5% à -1%
40;Landes;2014;3696;2. De 3000 à 5000;-0.043478261;2. De -5% à -1%
41;Loir-et-Cher;2014;3517;2. De 3000 à 5000;-0.017872103;2. De -5% à -1%
42;Loire;2014;9183;3. De 5000 à 10 000;0.010675765;4. De 1% à 5%
43;Haute-Loire;2014;2157;1. De 0 à 3000;-0.040053405;2. De -5% à -1%
44;Loire-Atlantique;2014;16700;4. De 10 000 à 20 000;-0.007252408;3. De -1% à 1%
45;Loiret;2014;8355;3. De 5000 à 10 000;-0.020056298;2. De -5% à -1%
46;Lot;2014;1415;1. De 0 à 3000;0.05204461;5. Plus de 5%
47;Lot-et-Garonne;2014;3347;2. De 3000 à 5000;-0.004165427;3. De -1% à 1%
48;Lozère;2014;651;1. De 0 à 3000;-0.018099548;2. De -5% à -1%
49;Maine-et-Loire;2014;9781;3. De 5000 à 10 000;-0.02346246;3. De -1% à 1%
50;Manche;2014;4911;2. De 3000 à 5000;-0.017406963;3. De -1% à 1%
51;Marne;2014;6887;3. De 5000 à 10 000;-0.016142857;2. De -5% à -1%
52;Haute-Marne;2014;1881;1. De 0 à 3000;-0.021840874;2. De -5% à -1%
53;Mayenne;2014;3456;2. De 3000 à 5000;-0.054704595;1. Moins de -5%
54;Meurthe-et-Moselle;2014;8135;3. De 5000 à 10 000;-0.007563743;3. De -1% à 1%
55;Meuse;2014;1928;1. De 0 à 3000;-0.068599034;1. Moins de -5%
56;Morbihan;2014;7554;3. De 5000 à 10 000;-0.011903205;2. De -5% à -1%
57;Moselle;2014;11385;4. De 10 000 à 20 000;-0.003152088;3. De -1% à 1%
58;Nièvre;2014;1801;1. De 0 à 3000;-0.026486486;2. De -5% à -1%
59;Nord;2014;35923;5. Plus de 20 000;-0.011855642;2. De -5% à -1%
60;Oise;2014;10802;4. De 10 000 à 20 000;-0.001109673;3. De -1% à 1%
61;Orne;2014;2810;1. De 0 à 3000;-0.008468596;5. Plus de 5%
62;Pas-de-Calais;2014;18809;4. De 10 000 à 20 000;-0.012858193;2. De -5% à -1%
63;Puy-de-Dôme;2014;6908;3. De 5000 à 10 000;0.031198686;4. De 1% à 5%
64;Pyrénées-Atlantiques;2014;6497;3. De 5000 à 10 000;0.036369437;4. De 1% à 5%
65;Hautes-Pyrénées;2014;2111;1. De 0 à 3000;0.026251823;4. De 1% à 5%
66;Pyrénées-Orientales;2014;4800;2. De 3000 à 5000;-0.023199023;2. De -5% à -1%
67;Bas-Rhin;2014;13262;4. De 10 000 à 20 000;0.016790616;4. De 1% à 5%
68;Haut-Rhin;2014;8826;3. De 5000 à 10 000;0.012969127;4. De 1% à 5%
69;Rhône;2014;26712;5. Plus de 20 000;0.030794165;4. De 1% à 5%
70;Haute-Saône;2014;2458;1. De 0 à 3000;-0.020717131;2. De -5% à -1%
71;Saône-et-Loire;2014;5552;3. De 5000 à 10 000;0.006891549;3. De -1% à 1%
72;Sarthe;2014;6664;3. De 5000 à 10 000;0.002859293;3. De -1% à 1%
73;Savoie;2014;4798;2. De 3000 à 5000;0.007559849;2. De -5% à -1%
74;Haute-Savoie;2014;9982;3. De 5000 à 10 000;0.00899626;3. De -1% à 1%
75;Paris;2014;29134;5. Plus de 20 000;0.006529625;3. De -1% à 1%
76;Seine-Maritime;2014;15199;4. De 10 000 à 20 000;-0.024078593;2. De -5% à -1%
77;Seine-et-Marne;2014;19708;4. De 10 000 à 20 000;0.019502354;4. De 1% à 5%
78;Yvelines;2014;19525;4. De 10 000 à 20 000;-0.018153475;3. De -1% à 1%
79;Deux-Sèvres;2014;3718;2. De 3000 à 5000;-0.067235324;1. Moins de -5%
80;Somme;2014;6506;3. De 5000 à 10 000;-0.03514756;2. De -5% à -1%
81;Tarn;2014;3831;2. De 3000 à 5000;0.00052233;3. De -1% à 1%
82;Tarn-et-Garonne;2014;2829;1. De 0 à 3000;0.000707464;3. De -1% à 1%
83;Var;2014;11123;4. De 10 000 à 20 000;0.018869653;4. De 1% à 5%
84;Vaucluse;2014;7058;3. De 5000 à 10 000;-0.015757914;2. De -5% à -1%
85;Vendée;2014;7070;3. De 5000 à 10 000;-0.013121161;2. De -5% à -1%
86;Vienne;2014;4686;2. De 3000 à 5000;-0.004672897;2. De -5% à -1%
87;Haute-Vienne;2014;3724;2. De 3000 à 5000;0.000268601;3. De -1% à 1%
88;Vosges;2014;3679;2. De 3000 à 5000;-0.030821918;2. De -5% à -1%
89;Yonne;2014;3621;2. De 3000 à 5000;-0.042063492;2. De -5% à -1%
90;Territoire-de-Belfort;2014;1707;1. De 0 à 3000;0.019104478;4. De 1% à 5%
91;Essonne;2014;18903;4. De 10 000 à 20 000;0.021231767;4. De 1% à 5%
92;Hauts-de-Seine;2014;24675;5. Plus de 20 000;0.002478264;3. De -1% à 1%
93;Seine-Saint-Denis;2014;29471;5. Plus de 20 000;0.027329452;4. De 1% à 5%
94;Val-de-Marne;2014;21566;5. Plus de 20 000;0.039425487;4. De 1% à 5%
95;Val-d'Oise;2014;19737;4. De 10 000 à 20 000;0.009565217;3. De -1% à 1%
